Workbook

Sheet Foglio1
A2: SQUADRE | C2: gol e assist lasciati in panchina | G2: record
A3: punti | C3: cannoniere
A4: punti mod dif | C4: assistman | G4: pt in una giornata | H4: max e min
A5: GOL FATTI-SUBITI REALI | C5: portiere con piu clean shit | G5: pt subiti in una giornata | H5: max e min
C6: miglior e peggior punteggio tot
C7: miglior attacco e difesa
C8: MEDIA GOL A PARTITA F E S
C9: PUNTI SUBITI SQ AVVERSARIE
C10: GOAL SUBIT SQ AVVERSARIE
C11: MEDIA ROSA
A13: GIOCATORI | C13: TIT
C14: GOL FATTI TIT
A15: cannonieri | C15: ASSIST FATTI TIT
A16: assist | C16: GOL SUBITI TIT
A17: clean sheets | C17: ASSIST SUBITI TIT
C19: PANCHINA
C20: GOL FATTI
A21: TOP TEN | C21: ASSIST FATTI
A22: tito 11 | C22: GOL SUBITI
A23: port | C23: ASSIST SUBITI
A24: ddif
A25: centr | C25: PORTIERE
A26: att
C27: GOL SUBITI TIT
C28: CLEAN SHEET TIT
C29: GOL SUBITI PANCA
C30: CLEAN SHEET PANCA
C32: SANZIONI
C34: AMMONIZ TIT
C35: AMMONIZ PANCA
C36: ESPULSIONI TIT
C37: ESPULSIONI PANCA
C39: GIOCARE IN MENO
C41: IO
C42: AVVERSARI

Sheet CLASS BEST TEAMS
X1: TITOLARI | AB1: GENERALE
C3: 1 | D3: =_xlfn.XLOOKUP(E3,SQUADRE!$BI$4:$BP$4,SQUADRE!$BI$3:$BP$3) -> #VALUE! | E3: {=IF($X$3="PT LAST GG",INDEX(_xlfn._xlws.SORT(SQUADRE!$Z$4:$BH$11,_xlfn.XLOOKUP(X3,$AK$3:$BR$3,$AK$4:$BR$4),1),_xlfn.SEQUENCE(8),1),INDEX(_xlfn._xlws.SORT(SQUADRE!$Z$4:$BH$11,_xlfn.XLOOKUP(X3,$AK$3:$BR$3,$AK$4:$BR$4),-1),_xlfn.SEQUENCE(8),1))} -> PESCICULINI FC | F3: -31 | G3: {=IF(X3="crescita rosa",IF(X3="PT LAST GG",INDEX(_xlfn._xlws.SORT(SQUADRE!$Z$4:$BH$11,_xlfn.XLOOKUP($X$3,$AK$3:$BR$3,$AK$4:$BR$4),1),_xlfn.SEQUENCE(8),_xlfn.XLOOKUP(X3,$AK$3:$BR$3,$AK$4:$BR$4)),INDEX(_xlfn._xlws.SORT(SQUADRE!$Z$4:$BH$11,_xlfn.XLOOKUP(X3,$AK$3:$BR$3,$AK$4:$BR$4),-1),_xlfn.SEQUENCE(8),_xlfn.XLOOKUP(X3,$AK$3:$BR$3,$AK$4:$BR$4)))+F3,IF(X3="PT LAST GG",INDEX(_xlfn._xlws.SORT(SQUADRE!$Z$4:$BH$11,_xlfn.XLOOKUP($X$3,$AK$3:$BR$3,$AK$4:$BR$4),1),_xlfn.SEQUENCE(8),_xlfn.XLOOKUP(X3,$AK$3:$BR$3,$AK$4:$BR$4)),INDEX(_xlfn._xlws.SORT(SQUADRE!$Z$4:$BH$11,_xlfn.XLOOKUP(X3,$AK$3:$BR$3,$AK$4:$BR$4),-1),_xlfn.SEQUENCE(8),_xlfn.XLOOKUP(X3,$AK$3:$BR$3,$AK$4:$BR$4))))} -> 1 | H3: =IF(RIGHT(TEXT(G3, "0," & REPT("0", _xlfn.XLOOKUP($X$3,SQUADRE!$AA$3:$BH$3,SQUADRE!$AA$2:$BH$2))),1)=",",LEFT(G3,LEN(G3)),TEXT(G3, "0," & REPT("0", _xlfn.XLOOKUP($X$3,SQUADRE!$AA$3:$BH$3,SQUADRE!$AA$2:$BH$2)))) -> 1 | K3: AMM | X3: crescita rosa | AK3: PT | AL3: BONUS | AM3: FANTA PT | AN3: MOD DIF | AO3: PT TOT | AP3: PT BEST | AQ3: BONUS BEST | AR3: FANTAPT BEST | AS3: MOD DIFESA BEST | AT3: MEDIA VOTO TIT | AU3: MEDIA FVOTO TIT | AV3: FVOTO TOT | AW3: MEDIA VOTO BEST | AX3: MEDIA FVOTO BEST | AY3: delta pt | AZ3: delta bonus | BA3: delta fanta pt | BC3: PT BEST GG | BD3: PT LAST GG | BE3: GOL fatti | BF3: GOL SUBITI | BG3: ASSIST FATTI | BH3: AMM | BI3: ESP | BJ3: RIG OK | BK3: RIG KO | BL3: GOL DIFESA | BM3: GOL CC | BN3: GOL ATT | BO3: CLN SHEET | BP3: f1 | BQ3: royal battle | BR3: crescita rosa
C4: 2 | D4: =_xlfn.XLOOKUP(E4,SQUADRE!$BI$4:$BP$4,SQUADRE!$BI$3:$BP$3) -> #VALUE! | E4: SAN GRIA | F4: -9 | G4: -10 | H4: =IF(RIGHT(TEXT(G4, "0," & REPT("0", _xlfn.XLOOKUP($X$3,SQUADRE!$AA$3:$BH$3,SQUADRE!$AA$2:$BH$2))),1)=",",LEFT(G4,LEN(G4)),TEXT(G4, "0," & REPT("0", _xlfn.XLOOKUP($X$3,SQUADRE!$AA$3:$BH$3,SQUADRE!$AA$2:$BH$2)))) -> -10 | AK4: 2 | AL4: 3 | AM4: 4 | AN4: 5 | AO4: 6 | AP4: 7 | AQ4: 8 | AR4: 9 | AS4: 10 | AT4: 11 | AU4: 12 | AV4: 13 | AW4: 14 | AX4: 15 | AY4: 16 | AZ4: 17 | BA4: 18 | BB4: 19 | BC4: 20 | BD4: 21 | BE4: 22 | BF4: 23 | BG4: 24 | BH4: 25 | BI4: 26 | BJ4: 27 | BK4: 28 | BL4: 29 | BM4: 30 | BN4: 31 | BO4: 32 | BP4: 33 | BQ4: 34 | BR4: 35 | BS4: 36 | BT4: 37 | BU4: 38 | BV4: 39 | BW4: 40 | BX4: 41 | BY4: 42 | BZ4: 43
C5: 3 | D5: =_xlfn.XLOOKUP(E5,SQUADRE!$BI$4:$BP$4,SQUADRE!$BI$3:$BP$3) -> #VALUE! | E5: AC ASPARAGHESE | F5: -17 | G5: -31 | H5: =IF(RIGHT(TEXT(G5, "0," & REPT("0", _xlfn.XLOOKUP($X$3,SQUADRE!$AA$3:$BH$3,SQUADRE!$AA$2:$BH$2))),1)=",",LEFT(G5,LEN(G5)),TEXT(G5, "0," & REPT("0", _xlfn.XLOOKUP($X$3,SQUADRE!$AA$3:$BH$3,SQUADRE!$AA$2:$BH$2)))) -> -31 | AK5: Somma dei punti in classifica tenendo conto solamente dei voti sul campo | AL5: Somma dei punti ottenuti solamente con i bonus e i malus | AM5: Somma dei fantapunti esclusi punti per chi gioca in casa e del modificatore difesa | AN5: Punti ottenuti solamente col modificatore difesa | AO5: Somma dei punti ottenuti totali esclusi i punt per chi gioca in casa | AP5: Somma dei punti dei soli voti degli 11 migliori giocatori seguendo i moduli disponibili | AQ5: Somma dei punti dei bonus con gli 11 migliri giocatori | AR5: Somma dei fanta punti totali degli 11 migliori giocatori | AT5: Media voto degli 11 titolari (solo voti sul campo) | AU5: FANTAMEDIAVOTO DEGLI 11 TITOLARI | AV5: TOT PUNTEGGIO | AW5: MEDIA VOTO MIGLIOR FORMAZIONE POSSIBILE | AX5: MEDIA FANTA VOTO MIGLIOR FORMAZIONE POSSIBILE | AY5: DIFFERENZA TRA I PUNTI DELLA FORMAZIONE TITOLARE E QUELLA MIGLORE POSSIBILE | AZ5: DIFFERENZA TRA I PUNTI BONUS DELLA FORMAZIONE TITOLARE E QUELLA MIGLORE POSSIBILE | BA5: DIFFERENZA TRA I FANTAPUNTI DELLA FORMAZIONE TITOLARE E QUELLA MIGLORE POSSIBILE | BC5: MIGLIOR PUNTEGGIO DI GIORNATA | BD5: PEGGIOR PUNTEGGIO DI GIORNATA | BE5: gol effettivamente segnati dai giocatori titolari | BF5: gol effettivamente segnati dai giocatori titolari della squadra avversaria | BG5: assist titolari | BH5: ammonizioni titolari | BI5: espulsioni titolari | BJ5: rigori segnati titolari | BK5: rigori sbagliati titolari | BL5: gol segnati dai difensori titolari | BM5: gol segnati dai centrocampisti titolari | BN5: gol segnati dagli attaccanti titolari | BO5: clean sheets dei portieri titolari | BP5: ogni giornata da 8 a 1 pt a seconda dei punti fatti | BQ5: tre punti per ogni vittoria contro tutte le altre sette ,1 per ogni pareggio e 0 per ogni sconfitta(contano i gol fatti in base ai punti) | BR5: differenza qi/qa
C6: 4 | D6: =_xlfn.XLOOKUP(E6,SQUADRE!$BI$4:$BP$4,SQUADRE!$BI$3:$BP$3) -> #VALUE! | E6: APPAREGGIATO | F6: -18 | G6: -35 | H6: =IF(RIGHT(TEXT(G6, "0," & REPT("0", _xlfn.XLOOKUP($X$3,SQUADRE!$AA$3:$BH$3,SQUADRE!$AA$2:$BH$2))),1)=",",LEFT(G6,LEN(G6)),TEXT(G6, "0," & REPT("0", _xlfn.XLOOKUP($X$3,SQUADRE!$AA$3:$BH$3,SQUADRE!$AA$2:$BH$2)))) -> -35
C7: 5 | D7: =_xlfn.XLOOKUP(E7,SQUADRE!$BI$4:$BP$4,SQUADRE!$BI$3:$BP$3) -> #VALUE! | E7: ATL IMPROVVISATO | F7: -25 | G7: -49 | H7: =IF(RIGHT(TEXT(G7, "0," & REPT("0", _xlfn.XLOOKUP($X$3,SQUADRE!$AA$3:$BH$3,SQUADRE!$AA$2:$BH$2))),1)=",",LEFT(G7,LEN(G7)),TEXT(G7, "0," & REPT("0", _xlfn.XLOOKUP($X$3,SQUADRE!$AA$3:$BH$3,SQUADRE!$AA$2:$BH$2)))) -> -49
C8: 6 | D8: =_xlfn.XLOOKUP(E8,SQUADRE!$BI$4:$BP$4,SQUADRE!$BI$3:$BP$3) -> #VALUE! | E8: PARTIZAN DEGRADO | F8: -10 | G8: -51 | H8: =IF(RIGHT(TEXT(G8, "0," & REPT("0", _xlfn.XLOOKUP($X$3,SQUADRE!$AA$3:$BH$3,SQUADRE!$AA$2:$BH$2))),1)=",",LEFT(G8,LEN(G8)),TEXT(G8, "0," & REPT("0", _xlfn.XLOOKUP($X$3,SQUADRE!$AA$3:$BH$3,SQUADRE!$AA$2:$BH$2)))) -> -51
C9: 7 | D9: =_xlfn.XLOOKUP(E9,SQUADRE!$BI$4:$BP$4,SQUADRE!$BI$3:$BP$3) -> #VALUE! | E9: SESTO ASENSIO | F9: -40 | G9: -60 | H9: =IF(RIGHT(TEXT(G9, "0," & REPT("0", _xlfn.XLOOKUP($X$3,SQUADRE!$AA$3:$BH$3,SQUADRE!$AA$2:$BH$2))),1)=",",LEFT(G9,LEN(G9)),TEXT(G9, "0," & REPT("0", _xlfn.XLOOKUP($X$3,SQUADRE!$AA$3:$BH$3,SQUADRE!$AA$2:$BH$2)))) -> -60
C10: 8 | D10: =_xlfn.XLOOKUP(E10,SQUADRE!$BI$4:$BP$4,SQUADRE!$BI$3:$BP$3) -> #VALUE! | E10: HERTHA VERNELLO | F10: -64 | G10: -128 | H10: =IF(RIGHT(TEXT(G10, "0," & REPT("0", _xlfn.XLOOKUP($X$3,SQUADRE!$AA$3:$BH$3,SQUADRE!$AA$2:$BH$2))),1)=",",LEFT(G10,LEN(G10)),TEXT(G10, "0," & REPT("0", _xlfn.XLOOKUP($X$3,SQUADRE!$AA$3:$BH$3,SQUADRE!$AA$2:$BH$2)))) -> -128 | K10: =_xlfn.XLOOKUP(X3,AK3:BR3,AK5:BR5) -> differenza qi/qa

Sheet CLASS BEST PLAYERS
A1: gg
A2: 35 | B2: GOL
A5: 1 | B5: =_xlfn.IFNA(_xlfn.XLOOKUP(_xlfn.XLOOKUP(C5,GIOCATORI!$B:$B,GIOCATORI!$C:$C),SQUADRE!$BI$4:$BP$4,SQUADRE!$BI$3:$BP$3),"") -> #VALUE! | C5: {=INDEX(_xlfn._xlws.SORT(Tabella1[], MATCH(B2,Tabella1[#Headers], 0), -1), _xlfn.SEQUENCE(5),2)} -> Martinez L. | D5: {=INDEX(_xlfn._xlws.SORT(Tabella1[], MATCH(B2, Tabella1[#Headers], 0), -1), _xlfn.SEQUENCE(5),_xlfn.XLOOKUP(B2,Tabella1[[#Headers],[GOL]:[TOT FVOTO TIT]],GIOCATORI!$D$662:$T$662))} -> 16 | E5: =IF(ISNUMBER(SEARCH("voto", $B$2)),TEXT(D5, "0," & REPT("0", 2)),TEXT(D5, "0" & REPT("0", 0))) -> 16 | G5: 6 | H5: =_xlfn.IFNA(_xlfn.XLOOKUP(_xlfn.XLOOKUP(I5,GIOCATORI!$B:$B,GIOCATORI!$C:$C),SQUADRE!$BI$4:$BP$4,SQUADRE!$BI$3:$BP$3),"") -> #VALUE! | I5: {=INDEX(_xlfn._xlws.SORT(Tabella1[], MATCH(B2, Tabella1[#Headers], 0), -1), _xlfn.SEQUENCE(5, ,6),2)} -> Simeone | J5: {=INDEX(_xlfn._xlws.SORT(Tabella1[], MATCH(B2, Tabella1[#Headers], 0), -1), _xlfn.SEQUENCE(5, ,6),_xlfn.XLOOKUP(B2,Tabella1[[#Headers],[GOL]:[TOT FVOTO TIT]],GIOCATORI!$D$662:$T$662))} -> 11 | K5: =IF(ISNUMBER(SEARCH("voto", $B$2)),TEXT(J5, "0," & REPT("0", 2)),TEXT(J5, "0" & REPT("0", 0))) -> 11
A6: 2 | B6: =_xlfn.IFNA(_xlfn.XLOOKUP(_xlfn.XLOOKUP(C6,GIOCATORI!$B:$B,GIOCATORI!$C:$C),SQUADRE!$BI$4:$BP$4,SQUADRE!$BI$3:$BP$3),"") -> #VALUE! | C6: Malen | D6: 14 | E6: =IF(ISNUMBER(SEARCH("voto", $B$2)),TEXT(D6, "0," & REPT("0", 2)),TEXT(D6, "0" & REPT("0", 0))) -> 14 | G6: 7 | H6: =_xlfn.IFNA(_xlfn.XLOOKUP(_xlfn.XLOOKUP(I6,GIOCATORI!$B:$B,GIOCATORI!$C:$C),SQUADRE!$BI$4:$BP$4,SQUADRE!$BI$3:$BP$3),"") -> #VALUE! | I6: Thuram | J6: 11 | K6: =IF(ISNUMBER(SEARCH("voto", $B$2)),TEXT(J6, "0," & REPT("0", 2)),TEXT(J6, "0" & REPT("0", 0))) -> 11
A7: 3 | B7: =_xlfn.IFNA(_xlfn.XLOOKUP(_xlfn.XLOOKUP(C7,GIOCATORI!$B:$B,GIOCATORI!$C:$C),SQUADRE!$BI$4:$BP$4,SQUADRE!$BI$3:$BP$3),"") -> #VALUE! | C7: Douvikas | D7: 13 | E7: =IF(ISNUMBER(SEARCH("voto", $B$2)),TEXT(D7, "0," & REPT("0", 2)),TEXT(D7, "0" & REPT("0", 0))) -> 13 | G7: 8 | H7: =_xlfn.IFNA(_xlfn.XLOOKUP(_xlfn.XLOOKUP(I7,GIOCATORI!$B:$B,GIOCATORI!$C:$C),SQUADRE!$BI$4:$BP$4,SQUADRE!$BI$3:$BP$3),"") -> #VALUE! | I7: Krstovic | J7: 10 | K7: =IF(ISNUMBER(SEARCH("voto", $B$2)),TEXT(J7, "0," & REPT("0", 2)),TEXT(J7, "0" & REPT("0", 0))) -> 10
A8: 4 | B8: =_xlfn.IFNA(_xlfn.XLOOKUP(_xlfn.XLOOKUP(C8,GIOCATORI!$B:$B,GIOCATORI!$C:$C),SQUADRE!$BI$4:$BP$4,SQUADRE!$BI$3:$BP$3),"") -> #VALUE! | C8: Hojlund | D8: 12 | E8: =IF(ISNUMBER(SEARCH("voto", $B$2)),TEXT(D8, "0," & REPT("0", 2)),TEXT(D8, "0" & REPT("0", 0))) -> 12 | G8: 9 | H8: =_xlfn.IFNA(_xlfn.XLOOKUP(_xlfn.XLOOKUP(I8,GIOCATORI!$B:$B,GIOCATORI!$C:$C),SQUADRE!$BI$4:$BP$4,SQUADRE!$BI$3:$BP$3),"") -> #VALUE! | I8: Yildiz | J8: 10 | K8: =IF(ISNUMBER(SEARCH("voto", $B$2)),TEXT(J8, "0," & REPT("0", 2)),TEXT(J8, "0" & REPT("0", 0))) -> 10
A9: 5 | B9: =_xlfn.IFNA(_xlfn.XLOOKUP(_xlfn.XLOOKUP(C9,GIOCATORI!$B:$B,GIOCATORI!$C:$C),SQUADRE!$BI$4:$BP$4,SQUADRE!$BI$3:$BP$3),"") -> #VALUE! | C9: Paz N. | D9: 11 | E9: =IF(ISNUMBER(SEARCH("voto", $B$2)),TEXT(D9, "0," & REPT("0", 2)),TEXT(D9, "0" & REPT("0", 0))) -> 11 | G9: 10 | H9: =_xlfn.IFNA(_xlfn.XLOOKUP(_xlfn.XLOOKUP(I9,GIOCATORI!$B:$B,GIOCATORI!$C:$C),SQUADRE!$BI$4:$BP$4,SQUADRE!$BI$3:$BP$3),"") -> #VALUE! | I9: Scamacca | J9: 9 | K9: =IF(ISNUMBER(SEARCH("voto", $B$2)),TEXT(J9, "0," & REPT("0", 2)),TEXT(J9, "0" & REPT("0", 0))) -> 9
A13: 11
A14: 12
A15: 13
A16: 14
A17: 15
A18: 16
A19: 17
A20: 18
A21: 19
A22: 20
A23: 21
A24: 22
... A61: 59
D500: 1 | E500: 2 | F500: 3 | G500: 4 | H500: 5 | I500: 6 | J500: 7 | K500: 8 | L500: 9 | M500: 10 | N500: 11 | O500: 12

Sheet dsh sq
B2: =_xlfn.IFNA(_xlfn.XLOOKUP(F3,SQUADRE!BI4:BP4,SQUADRE!BI3:BP3),"svincolato") -> svincolato
F3: =_xlfn.XLOOKUP(M3,GIOCATORI!$B$3:$B$524,GIOCATORI!$C$3:$C$524) | M3: Kelly L.
M6: GENERALE | U6: titolare in fantalega
F7: Media VOTO | H7: Media FVOTO | J7: Totale FVOTO
F8: =_xlfn.XLOOKUP($M$3,GIOCATORI!$B$3:$B$534,GIOCATORI!$M$3:$M$534) -> 6.0151515 | H8: =_xlfn.XLOOKUP($M$3,GIOCATORI!$B$3:$B$534,GIOCATORI!$N$3:$N$534) -> 6.0757576 | J8: =_xlfn.XLOOKUP($M$3,GIOCATORI!$B$3:$B$534,GIOCATORI!$O$3:$O$534) -> 200.5 | M8: PARTITE | O8: =_xlfn.XLOOKUP($M$3,GIOCATORI!$B:$B,GIOCATORI!Q:Q) -> #REF! | Q8: GOL | S8: =SUMIFS([1]!Tabella1[[Gol ]],[1]!Tabella1[Nome],$M$3,[1]!Tabella1[N° FantaTit],1) -> 0 | U8: PARTITE | W8: =_xlfn.XLOOKUP($M$3,GIOCATORI!$B:$B,GIOCATORI!R:R) -> #REF! | Y8: GOL | AA8: =SUMIFS([1]!Tabella1[[Gol ]],[1]!Tabella1[Nome],$M$3,[1]!Tabella1[N° FantaTit],1) -> 0
F9: =_xlfn.RANK.EQ(_xlfn.XLOOKUP($M$3,GIOCATORI!$B:$B,GIOCATORI!M:M),GIOCATORI!M:M,0) -> 182 | H9: =_xlfn.RANK.EQ(_xlfn.XLOOKUP($M$3,GIOCATORI!$B:$B,GIOCATORI!N:N),GIOCATORI!N:N,0) -> 229 | J9: =_xlfn.RANK.EQ(_xlfn.XLOOKUP($M$3,GIOCATORI!B:B,GIOCATORI!O:O),GIOCATORI!O:O,0) -> 67 | M9: MEDIA VOTO | O9: =_xlfn.XLOOKUP($M$3,GIOCATORI!$B:$B,GIOCATORI!M:M) -> 6.0151515 | Q9: ASSIST | S9: =SUMIFS([1]!Tabella1[Ass],[1]!Tabella1[Nome],M3,[1]!Tabella1[N° FantaTit],1) -> 0 | U9: MEDIA VOTO | W9: =AVERAGEIFS([1]!Tabella1[Voto],[1]!Tabella1[Nome],$M$3,[1]!Tabella1[N° FantaTit],1) -> #DIV/0! | Y9: ASSIST | AA9: =SUMIFS([1]!Tabella1[Ass],[1]!Tabella1[Nome],$M$3,[1]!Tabella1[N° FantaTit],1) -> 0
F10: =F9&"°" -> 182° | H10: =H9&"°" -> 229° | J10: =J9&"°" -> 67° | M10: MEDIA FVOTO | O10: =_xlfn.XLOOKUP($M$3,GIOCATORI!$B:$B,GIOCATORI!N:N) -> 6.0757576 | Q10: RIGORI OK | S10: =SUMIFS([1]!Tabella1[Rf],[1]!Tabella1[Nome],$M$3,[1]!Tabella1[N° FantaTit],1) -> 0 | U10: MEDIA FVOTO | W10: =_xlfn.XLOOKUP($M$3,GIOCATORI!$B:$B,GIOCATORI!S:S) | Y10: RIGORI OK | AA10: =SUMIFS([1]!Tabella1[Rf],[1]!Tabella1[Nome],$M$3,[1]!Tabella1[N° FantaTit],1) -> 0
M11: TOT FVOTO | O11: =_xlfn.XLOOKUP($M$3,GIOCATORI!$B:$B,GIOCATORI!O:O) -> 200.5 | Q11: RIGORI KO | S11: =SUMIFS([1]!Tabella1[Rs],[1]!Tabella1[Nome],$M$3,[1]!Tabella1[N° FantaTit],1) -> 0 | U11: TOT FVOTO | W11: =_xlfn.XLOOKUP($M$3,GIOCATORI!$B:$B,GIOCATORI!T:T) | Y11: RIGORI KO | AA11: =SUMIFS([1]!Tabella1[Rs],[1]!Tabella1[Nome],$M$3,[1]!Tabella1[N° FantaTit],1) -> 0
B13: GIOCATE | D13: AMM | F13: ESP | H13: GOL | J13: ASS
B14: =_xlfn.XLOOKUP($M$3,GIOCATORI!$B$3:$B$534,GIOCATORI!$Q$3:$Q$534) -> #REF! | D14: =_xlfn.XLOOKUP($M$3,GIOCATORI!$B$3:$B$534,GIOCATORI!$J$3:$J$534) -> 4 | F14: =_xlfn.XLOOKUP($M$3,GIOCATORI!$B$3:$B$534,GIOCATORI!$K$3:$K$534) -> 0 | H14: =_xlfn.XLOOKUP($M$3,GIOCATORI!$B$3:$B$534,GIOCATORI!$D$3:$D$534) -> 1 | J14: =_xlfn.XLOOKUP($M$3,GIOCATORI!$B$3:$B$534,GIOCATORI!$E$3:$E$534) -> 1

Sheet CATEGORIE
A1: 1 | B1: VOTO
A2: 2 | B2: BONUS
A3: 3 | B3: FVOTO
A4: 4 | B4: MOD DIF
A5: 5 | B5: PT TOT
A6: 6 | B6: PT CLASS
A7: 7 | B7: BONUS BEST
A8: 8 | B8: PT BEST
A9: 9 | B9: MEDIA VOTO TIT
A10: 10 | B10: MEDIA FVOTO TIT
A11: 11
A12: 12 | B12: MEDIA VOTO BEST
A13: 13 | B13: MEDIA FVOTO BEST
A14: 14 | B14: delta pt
A15: 15 | B15: delta bonus
A16: 16 | B16: delta fanta pt
A17: 17
A18: 18
A19: 19
A20: 20
A21: 21
A22: 22
A23: 23
A24: 24
A25: 25
A26: 26
A27: 27
A28: 28
... A31: 31

Sheet GIOCATORI
D1: #VALUE!
A2: RUOLO | B2: NOME | C2: FANTASQ | D2: GOL | E2: ASSIST | F2: RIG OK | G2: RIG KO | H2: RIG PAR | I2: CLN SHT | J2: AMM | K2: ESP | L2: AUTGOL | M2: voto | N2: fvoto | O2: tot fvoto | P2: GOL SUBITI | Q2: partite giocate | R2: PARTITE DA TIT | S2: MEDIA FVOTO TIT | T2: TOT FVOTO TIT | W2: media voto | AB2: gol | AG2: ammonizioni | AL2: CLN SHEET | AQ2: RIGORI SEGNATI
A3: A | B3: Martinez L. | C3: =_xlfn.IFNA(_xlfn.XLOOKUP(B3,'[1]ROSE SQUADRE'!$N:$N,'[1]ROSE SQUADRE'!$O:$O),"") -> HERTHA VERNELLO | D3: =_xlfn.XLOOKUP($B3,'[1]Pivot Gioc'!$B:$B,'[1]Pivot Gioc'!$Q:$Q,"") -> 16 | E3: =_xlfn.XLOOKUP($B3,'[1]Pivot Gioc'!$B:$B,'[1]Pivot Gioc'!$N:$N,"") -> 5 | F3: =_xlfn.XLOOKUP($B3,'[1]Pivot Gioc'!$B:$B,'[1]Pivot Gioc'!$J:$J,"") -> 0 | G3: =_xlfn.XLOOKUP($B3,'[1]Pivot Gioc'!$B:$B,'[1]Pivot Gioc'!$I:$I,"") -> 0 | H3: =_xlfn.XLOOKUP($B3,'[1]Pivot Gioc'!$B:$B,'[1]Pivot Gioc'!$H:$H,"") -> 0 | I3: =_xlfn.XLOOKUP($B3,'[1]Pivot Gioc'!$B:$B,'[1]Pivot Gioc'!$P:$P,"") -> 0 | J3: =_xlfn.XLOOKUP($B3,'[1]Pivot Gioc'!$B:$B,'[1]Pivot Gioc'!$L:$L,"") -> 3 | K3: =_xlfn.XLOOKUP($B3,'[1]Pivot Gioc'!$B:$B,'[1]Pivot Gioc'!$M:$M,"") -> 0 | L3: =_xlfn.XLOOKUP($B3,'[1]Pivot Gioc'!$B:$B,'[1]Pivot Gioc'!$K:$K,"") -> 0 | M3: =_xlfn.XLOOKUP($B3,'[1]Pivot Gioc'!$B:$B,'[1]Pivot Gioc'!$C:$C,"") -> 6.4107143 | N3: =_xlfn.XLOOKUP($B3,'[1]Pivot Gioc'!$B:$B,'[1]Pivot Gioc'!$D:$D,"") -> 8.6428571 | O3: =_xlfn.XLOOKUP($B3,'[1]Pivot Gioc'!$B:$B,'[1]Pivot Gioc'!$E:$E,"") -> 242 | P3: =IF(_xlfn.XLOOKUP($B3,'[1]Pivot Gioc'!$B:$B,'[1]Pivot Gioc'!$G:$G,"")=0,"",_xlfn.XLOOKUP($B3,'[1]Pivot Gioc'!$B:$B,'[1]Pivot Gioc'!$G:$G)) | Q3: =_xlfn.XLOOKUP(B3,[1]!Tabella4[nome],[1]!Tabella4[PRES]) -> #REF! | R3: =_xlfn.XLOOKUP($B3,[1]!Tabella4[nome],[1]!Tabella4[LEGA TIT]) -> #REF! | S3: =IF(_xlfn.XLOOKUP($B3,'[1]Pivot Gioc'!$B:$B,'[1]Pivot Gioc'!$S:$S)="0,00","",_xlfn.XLOOKUP($B3,'[1]Pivot Gioc'!$B:$B,'[1]Pivot Gioc'!$S:$S)) -> 8.6428571 | T3: =IF(_xlfn.XLOOKUP($B3,'[1]Pivot Gioc'!$B:$B,'[1]Pivot Gioc'!$T:$T)=0,"",_xlfn.XLOOKUP($B3,'[1]Pivot Gioc'!$B:$B,'[1]Pivot Gioc'!$T:$T)) -> 242 | W3: {=INDEX(_xlfn._xlws.SORT($B$3:$N$508,12,-1),_xlfn.SEQUENCE(10),1)} -> Lukaku | X3: {=INDEX(_xlfn._xlws.SORT($B$3:$N$508,12,-1),_xlfn.SEQUENCE(10),12)} -> 7 | Y3: {=INDEX(_xlfn._xlws.SORT($B$3:$N$508,12,-1),_xlfn.SEQUENCE(10),2)} -> SAN GRIA | AB3: {=INDEX(_xlfn._xlws.SORT($B$3:$N$508,3,-1),_xlfn.SEQUENCE(20),1)} -> Martinez L. | AC3: {=INDEX(_xlfn._xlws.SORT($B$3:$N$508,3,-1),_xlfn.SEQUENCE(20),3)} -> 16 | AD3: {=INDEX(_xlfn._xlws.SORT($B$3:$N$508,3,-1),_xlfn.SEQUENCE(20),2)} -> HERTHA VERNELLO | AG3: {=INDEX(_xlfn._xlws.SORT($B$3:$N$508,9,-1),_xlfn.SEQUENCE(10),1)} -> Malinovskyi | AH3: {=INDEX(_xlfn._xlws.SORT($B$3:$N$508,9,-1),_xlfn.SEQUENCE(10),9)} -> 10 | AI3: {=INDEX(_xlfn._xlws.SORT($B$3:$N$508,9,-1),_xlfn.SEQUENCE(10),2)} -> HERTHA VERNELLO | AL3: {=INDEX(_xlfn._xlws.SORT($B$3:$N$508,8,-1),_xlfn.SEQUENCE(10),1)} -> Butez | AM3: {=INDEX(_xlfn._xlws.SORT($B$3:$N$508,8,-1),_xlfn.SEQUENCE(10),8)} -> 18 | AN3: {=INDEX(_xlfn._xlws.SORT($B$3:$N$508,8,-1),_xlfn.SEQUENCE(10),2)} -> SAN GRIA | AQ3: {=INDEX(_xlfn._xlws.SORT($B$3:$N$508,5,-1),_xlfn.SEQUENCE(10),1)} -> Vlasic | AR3: {=INDEX(_xlfn._xlws.SORT($B$3:$N$508,5,-1),_xlfn.SEQUENCE(10),5)} -> 5 | AS3: {=INDEX(_xlfn._xlws.SORT($B$3:$N$508,5,-1),_xlfn.SEQUENCE(10),2)} -> PESCICULINI FC
A4: P | B4: Malen | C4: =_xlfn.IFNA(_xlfn.XLOOKUP(B4,'[1]ROSE SQUADRE'!$N:$N,'[1]ROSE SQUADRE'!$O:$O),"") -> APPAREGGIATO | D4: =_xlfn.XLOOKUP($B4,'[1]Pivot Gioc'!$B:$B,'[1]Pivot Gioc'!$Q:$Q,"") -> 14 | E4: =_xlfn.XLOOKUP($B4,'[1]Pivot Gioc'!$B:$B,'[1]Pivot Gioc'!$N:$N,"") -> 2 | F4: =_xlfn.XLOOKUP($B4,'[1]Pivot Gioc'!$B:$B,'[1]Pivot Gioc'!$J:$J,"") -> 3 | G4: =_xlfn.XLOOKUP($B4,'[1]Pivot Gioc'!$B:$B,'[1]Pivot Gioc'!$I:$I,"") -> 1 | H4: =_xlfn.XLOOKUP($B4,'[1]Pivot Gioc'!$B:$B,'[1]Pivot Gioc'!$H:$H,"") -> 0 | I4: =_xlfn.XLOOKUP($B4,'[1]Pivot Gioc'!$B:$B,'[1]Pivot Gioc'!$P:$P,"") -> 0 | J4: =_xlfn.XLOOKUP($B4,'[1]Pivot Gioc'!$B:$B,'[1]Pivot Gioc'!$L:$L,"") -> 1 | K4: =_xlfn.XLOOKUP($B4,'[1]Pivot Gioc'!$B:$B,'[1]Pivot Gioc'!$M:$M,"") -> 0 | L4: =_xlfn.XLOOKUP($B4,'[1]Pivot Gioc'!$B:$B,'[1]Pivot Gioc'!$K:$K,"") -> 0 | M4: =_xlfn.XLOOKUP($B4,'[1]Pivot Gioc'!$B:$B,'[1]Pivot Gioc'!$C:$C,"") -> 6.7222222 | N4: =_xlfn.XLOOKUP($B4,'[1]Pivot Gioc'!$B:$B,'[1]Pivot Gioc'!$D:$D,"") -> 9.3055556 | O4: =_xlfn.XLOOKUP($B4,'[1]Pivot Gioc'!$B:$B,'[1]Pivot Gioc'!$E:$E,"") -> 167.5 | P4: =IF(_xlfn.XLOOKUP($B4,'[1]Pivot Gioc'!$B:$B,'[1]Pivot Gioc'!$G:$G,"")=0,"",_xlfn.XLOOKUP($B4,'[1]Pivot Gioc'!$B:$B,'[1]Pivot Gioc'!$G:$G)) | Q4: =_xlfn.XLOOKUP(B4,[1]!Tabella4[nome],[1]!Tabella4[PRES]) -> #REF! | R4: =_xlfn.XLOOKUP(B4,[1]!Tabella4[nome],[1]!Tabella4[LEGA TIT]) -> #REF! | S4: =IF(_xlfn.XLOOKUP($B4,'[1]Pivot Gioc'!$B:$B,'[1]Pivot Gioc'!$S:$S)="0,00","",_xlfn.XLOOKUP($B4,'[1]Pivot Gioc'!$B:$B,'[1]Pivot Gioc'!$S:$S)) -> 9.7 | T4: =IF(_xlfn.XLOOKUP($B4,'[1]Pivot Gioc'!$B:$B,'[1]Pivot Gioc'!$T:$T)=0,"",_xlfn.XLOOKUP($B4,'[1]Pivot Gioc'!$B:$B,'[1]Pivot Gioc'!$T:$T)) -> 145.5 | W4: Rinaldi | X4: 7 | AB4: Malen | AC4: 14 | AD4: APPAREGGIATO | AG4: Caracciolo A. | AH4: 10 | AL4: Svilar | AM4: 16 | AN4: HERTHA VERNELLO | AQ4: Nkunku | AR4: 5 | AS4: PARTIZAN DEGRADO
A5: C | B5: Douvikas | C5: =_xlfn.IFNA(_xlfn.XLOOKUP(B5,'[1]ROSE SQUADRE'!$N:$N,'[1]ROSE SQUADRE'!$O:$O),"") -> AC ASPARAGHESE | D5: =_xlfn.XLOOKUP($B5,'[1]Pivot Gioc'!$B:$B,'[1]Pivot Gioc'!$Q:$Q,"") -> 13 | E5: =_xlfn.XLOOKUP($B5,'[1]Pivot Gioc'!$B:$B,'[1]Pivot Gioc'!$N:$N,"") -> 1 | F5: =_xlfn.XLOOKUP($B5,'[1]Pivot Gioc'!$B:$B,'[1]Pivot Gioc'!$J:$J,"") -> 1 | G5: =_xlfn.XLOOKUP($B5,'[1]Pivot Gioc'!$B:$B,'[1]Pivot Gioc'!$I:$I,"") -> 0 | H5: =_xlfn.XLOOKUP($B5,'[1]Pivot Gioc'!$B:$B,'[1]Pivot Gioc'!$H:$H,"") -> 0 | I5: =_xlfn.XLOOKUP($B5,'[1]Pivot Gioc'!$B:$B,'[1]Pivot Gioc'!$P:$P,"") -> 0 | J5: =_xlfn.XLOOKUP($B5,'[1]Pivot Gioc'!$B:$B,'[1]Pivot Gioc'!$L:$L,"") -> 0 | K5: =_xlfn.XLOOKUP($B5,'[1]Pivot Gioc'!$B:$B,'[1]Pivot Gioc'!$M:$M,"") -> 0 | L5: =_xlfn.XLOOKUP($B5,'[1]Pivot Gioc'!$B:$B,'[1]Pivot Gioc'!$K:$K,"") -> 0 | M5: =_xlfn.XLOOKUP($B5,'[1]Pivot Gioc'!$B:$B,'[1]Pivot Gioc'!$C:$C,"") -> 6.1764706 | N5: =_xlfn.XLOOKUP($B5,'[1]Pivot Gioc'!$B:$B,'[1]Pivot Gioc'!$D:$D,"") -> 7.5 | O5: =_xlfn.XLOOKUP($B5,'[1]Pivot Gioc'!$B:$B,'[1]Pivot Gioc'!$E:$E,"") -> 255 | P5: =IF(_xlfn.XLOOKUP($B5,'[1]Pivot Gioc'!$B:$B,'[1]Pivot Gioc'!$G:$G,"")=0,"",_xlfn.XLOOKUP($B5,'[1]Pivot Gioc'!$B:$B,'[1]Pivot Gioc'!$G:$G)) | Q5: =_xlfn.XLOOKUP(B5,[1]!Tabella4[nome],[1]!Tabella4[PRES]) -> #REF! | R5: =_xlfn.XLOOKUP(B5,[1]!Tabella4[nome],[1]!Tabella4[LEGA TIT]) -> #REF! | S5: =IF(_xlfn.XLOOKUP($B5,'[1]Pivot Gioc'!$B:$B,'[1]Pivot Gioc'!$S:$S)="0,00","",_xlfn.XLOOKUP($B5,'[1]Pivot Gioc'!$B:$B,'[1]Pivot Gioc'!$S:$S)) -> 7.7592593 | T5: =IF(_xlfn.XLOOKUP($B5,'[1]Pivot Gioc'!$B:$B,'[1]Pivot Gioc'!$T:$T)=0,"",_xlfn.XLOOKUP($B5,'[1]Pivot Gioc'!$B:$B,'[1]Pivot Gioc'!$T:$T)) -> 209.5 | W5: Malen | X5: 6.7222222 | Y5: APPAREGGIATO | AB5: Douvikas | AC5: 13 | AD5: AC ASPARAGHESE | AG5: Ramon | AH5: 10 | AI5: APPAREGGIATO | AL5: Sommer | AM5: 15 | AN5: SESTO ASENSIO | AQ5: Orsolini | AR5: 4 | AS5: PARTIZAN DEGRADO
A6: C | B6: Hojlund | C6: =_xlfn.IFNA(_xlfn.XLOOKUP(B6,'[1]ROSE SQUADRE'!$N:$N,'[1]ROSE SQUADRE'!$O:$O),"") -> SAN GRIA | D6: =_xlfn.XLOOKUP($B6,'[1]Pivot Gioc'!$B:$B,'[1]Pivot Gioc'!$Q:$Q,"") -> 12 | E6: =_xlfn.XLOOKUP($B6,'[1]Pivot Gioc'!$B:$B,'[1]Pivot Gioc'!$N:$N,"") -> 5 | F6: =_xlfn.XLOOKUP($B6,'[1]Pivot Gioc'!$B:$B,'[1]Pivot Gioc'!$J:$J,"") -> 1 | G6: =_xlfn.XLOOKUP($B6,'[1]Pivot Gioc'!$B:$B,'[1]Pivot Gioc'!$I:$I,"") -> 0 | H6: =_xlfn.XLOOKUP($B6,'[1]Pivot Gioc'!$B:$B,'[1]Pivot Gioc'!$H:$H,"") -> 0 | I6: =_xlfn.XLOOKUP($B6,'[1]Pivot Gioc'!$B:$B,'[1]Pivot Gioc'!$P:$P,"") -> 0 | J6: =_xlfn.XLOOKUP($B6,'[1]Pivot Gioc'!$B:$B,'[1]Pivot Gioc'!$L:$L,"") -> 1 | K6: =_xlfn.XLOOKUP($B6,'[1]Pivot Gioc'!$B:$B,'[1]Pivot Gioc'!$M:$M,"") -> 0 | L6: =_xlfn.XLOOKUP($B6,'[1]Pivot Gioc'!$B:$B,'[1]Pivot Gioc'!$K:$K,"") -> 0 | M6: =_xlfn.XLOOKUP($B6,'[1]Pivot Gioc'!$B:$B,'[1]Pivot Gioc'!$C:$C,"") -> 6.2121212 | N6: =_xlfn.XLOOKUP($B6,'[1]Pivot Gioc'!$B:$B,'[1]Pivot Gioc'!$D:$D,"") -> 7.6212121 | O6: =_xlfn.XLOOKUP($B6,'[1]Pivot Gioc'!$B:$B,'[1]Pivot Gioc'!$E:$E,"") -> 251.5 | P6: =IF(_xlfn.XLOOKUP($B6,'[1]Pivot Gioc'!$B:$B,'[1]Pivot Gioc'!$G:$G,"")=0,"",_xlfn.XLOOKUP($B6,'[1]Pivot Gioc'!$B:$B,'[1]Pivot Gioc'!$G:$G)) | Q6: =_xlfn.XLOOKUP(B6,[1]!Tabella4[nome],[1]!Tabella4[PRES]) -> #REF! | R6: =_xlfn.XLOOKUP(B6,[1]!Tabella4[nome],[1]!Tabella4[LEGA TIT]) -> #REF! | S6: =IF(_xlfn.XLOOKUP($B6,'[1]Pivot Gioc'!$B:$B,'[1]Pivot Gioc'!$S:$S)="0,00","",_xlfn.XLOOKUP($B6,'[1]Pivot Gioc'!$B:$B,'[1]Pivot Gioc'!$S:$S)) -> 7.5 | T6: =IF(_xlfn.XLOOKUP($B6,'[1]Pivot Gioc'!$B:$B,'[1]Pivot Gioc'!$T:$T)=0,"",_xlfn.XLOOKUP($B6,'[1]Pivot Gioc'!$B:$B,'[1]Pivot Gioc'!$T:$T)) -> 240 | W6: Dimarco | X6: 6.6212121 | Y6: ATL IMPROVVISATO | AB6: Hojlund | AC6: 12 | AD6: SAN GRIA | AG6: Gagliardini | AH6: 10 | AL6: Maignan | AM6: 13 | AN6: APPAREGGIATO | AQ6: Calhanoglu | AR6: 4 | AS6: SAN GRIA
B7: Paz N. | C7: =_xlfn.IFNA(_xlfn.XLOOKUP(B7,'[1]ROSE SQUADRE'!$N:$N,'[1]ROSE SQUADRE'!$O:$O),"") -> AC ASPARAGHESE | D7: =_xlfn.XLOOKUP($B7,'[1]Pivot Gioc'!$B:$B,'[1]Pivot Gioc'!$Q:$Q,"") -> 11 | E7: =_xlfn.XLOOKUP($B7,'[1]Pivot Gioc'!$B:$B,'[1]Pivot Gioc'!$N:$N,"") -> 4 | F7: =_xlfn.XLOOKUP($B7,'[1]Pivot Gioc'!$B:$B,'[1]Pivot Gioc'!$J:$J,"") -> 0 | G7: =_xlfn.XLOOKUP($B7,'[1]Pivot Gioc'!$B:$B,'[1]Pivot Gioc'!$I:$I,"") -> 2 | H7: =_xlfn.XLOOKUP($B7,'[1]Pivot Gioc'!$B:$B,'[1]Pivot Gioc'!$H:$H,"") -> 0 | I7: =_xlfn.XLOOKUP($B7,'[1]Pivot Gioc'!$B:$B,'[1]Pivot Gioc'!$P:$P,"") -> 0 | J7: =_xlfn.XLOOKUP($B7,'[1]Pivot Gioc'!$B:$B,'[1]Pivot Gioc'!$L:$L,"") -> 4 | K7: =_xlfn.XLOOKUP($B7,'[1]Pivot Gioc'!$B:$B,'[1]Pivot Gioc'!$M:$M,"") -> 0 | L7: =_xlfn.XLOOKUP($B7,'[1]Pivot Gioc'!$B:$B,'[1]Pivot Gioc'!$K:$K,"") -> 0 | M7: =_xlfn.XLOOKUP($B7,'[1]Pivot Gioc'!$B:$B,'[1]Pivot Gioc'!$C:$C,"") -> 6.3333333 | N7: =_xlfn.XLOOKUP($B7,'[1]Pivot Gioc'!$B:$B,'[1]Pivot Gioc'!$D:$D,"") -> 7.2424242 | O7: =_xlfn.XLOOKUP($B7,'[1]Pivot Gioc'!$B:$B,'[1]Pivot Gioc'!$E:$E,"") -> 239 | P7: =IF(_xlfn.XLOOKUP($B7,'[1]Pivot Gioc'!$B:$B,'[1]Pivot Gioc'!$G:$G,"")=0,"",_xlfn.XLOOKUP($B7,'[1]Pivot Gioc'!$B:$B,'[1]Pivot Gioc'!$G:$G)) | Q7: =_xlfn.XLOOKUP(B7,[1]!Tabella4[nome],[1]!Tabella4[PRES]) -> #REF! | R7: =_xlfn.XLOOKUP(B7,[1]!Tabella4[nome],[1]!Tabella4[LEGA TIT]) -> #REF! | S7: =IF(_xlfn.XLOOKUP($B7,'[1]Pivot Gioc'!$B:$B,'[1]Pivot Gioc'!$S:$S)="0,00","",_xlfn.XLOOKUP($B7,'[1]Pivot Gioc'!$B:$B,'[1]Pivot Gioc'!$S:$S)) -> 7.2424242 | T7: =IF(_xlfn.XLOOKUP($B7,'[1]Pivot Gioc'!$B:$B,'[1]Pivot Gioc'!$T:$T)=0,"",_xlfn.XLOOKUP($B7,'[1]Pivot Gioc'!$B:$B,'[1]Pivot Gioc'!$T:$T)) -> 239 | W7: Calhanoglu | X7: 6.5952381 | Y7: SAN GRIA | AB7: Paz N. | AC7: 11 | AD7: AC ASPARAGHESE | AG7: Ramadani | AH7: 10 | AL7: Carnesecchi | AM7: 13 | AN7: SAN GRIA | AQ7: Da Cunha | AR7: 4 | AS7: PARTIZAN DEGRADO
B8: Simeone | C8: =_xlfn.IFNA(_xlfn.XLOOKUP(B8,'[1]ROSE SQUADRE'!$N:$N,'[1]ROSE SQUADRE'!$O:$O),"") -> APPAREGGIATO | D8: =_xlfn.XLOOKUP($B8,'[1]Pivot Gioc'!$B:$B,'[1]Pivot Gioc'!$Q:$Q,"") -> 11 | E8: =_xlfn.XLOOKUP($B8,'[1]Pivot Gioc'!$B:$B,'[1]Pivot Gioc'!$N:$N,"") -> 0 | F8: =_xlfn.XLOOKUP($B8,'[1]Pivot Gioc'!$B:$B,'[1]Pivot Gioc'!$J:$J,"") -> 0 | G8: =_xlfn.XLOOKUP($B8,'[1]Pivot Gioc'!$B:$B,'[1]Pivot Gioc'!$I:$I,"") -> 0 | H8: =_xlfn.XLOOKUP($B8,'[1]Pivot Gioc'!$B:$B,'[1]Pivot Gioc'!$H:$H,"") -> 0 | I8: =_xlfn.XLOOKUP($B8,'[1]Pivot Gioc'!$B:$B,'[1]Pivot Gioc'!$P:$P,"") -> 0 | J8: =_xlfn.XLOOKUP($B8,'[1]Pivot Gioc'!$B:$B,'[1]Pivot Gioc'!$L:$L,"") -> 1 | K8: =_xlfn.XLOOKUP($B8,'[1]Pivot Gioc'!$B:$B,'[1]Pivot Gioc'!$M:$M,"") -> 0 | L8: =_xlfn.XLOOKUP($B8,'[1]Pivot Gioc'!$B:$B,'[1]Pivot Gioc'!$K:$K,"") -> 0 | M8: =_xlfn.XLOOKUP($B8,'[1]Pivot Gioc'!$B:$B,'[1]Pivot Gioc'!$C:$C,"") -> 6.1 | N8: =_xlfn.XLOOKUP($B8,'[1]Pivot Gioc'!$B:$B,'[1]Pivot Gioc'!$D:$D,"") -> 7.3166667 | O8: =_xlfn.XLOOKUP($B8,'[1]Pivot Gioc'!$B:$B,'[1]Pivot Gioc'!$E:$E,"") -> 219.5 | P8: =IF(_xlfn.XLOOKUP($B8,'[1]Pivot Gioc'!$B:$B,'[1]Pivot Gioc'!$G:$G,"")=0,"",_xlfn.XLOOKUP($B8,'[1]Pivot Gioc'!$B:$B,'[1]Pivot Gioc'!$G:$G)) | Q8: =_xlfn.XLOOKUP(B8,[1]!Tabella4[nome],[1]!Tabella4[PRES]) -> #REF! | R8: =_xlfn.XLOOKUP(B8,[1]!Tabella4[nome],[1]!Tabella4[LEGA TIT]) -> #REF! | S8: =IF(_xlfn.XLOOKUP($B8,'[1]Pivot Gioc'!$B:$B,'[1]Pivot Gioc'!$S:$S)="0,00","",_xlfn.XLOOKUP($B8,'[1]Pivot Gioc'!$B:$B,'[1]Pivot Gioc'!$S:$S)) -> 7.04 | T8: =IF(_xlfn.XLOOKUP($B8,'[1]Pivot Gioc'!$B:$B,'[1]Pivot Gioc'!$T:$T)=0,"",_xlfn.XLOOKUP($B8,'[1]Pivot Gioc'!$B:$B,'[1]Pivot Gioc'!$T:$T)) -> 176 | W8: Modric | X8: 6.4516129 | Y8: SESTO ASENSIO | AB8: Simeone | AC8: 11 | AD8: APPAREGGIATO | AG8: Pongracic | AH8: 10 | AL8: Di Gregorio | AM8: 12 | AN8: ATL IMPROVVISATO | AQ8: Malen | AR8: 3 | AS8: APPAREGGIATO
B9: Thuram | C9: =_xlfn.IFNA(_xlfn.XLOOKUP(B9,'[1]ROSE SQUADRE'!$N:$N,'[1]ROSE SQUADRE'!$O:$O),"") -> PESCICULINI FC | D9: =_xlfn.XLOOKUP($B9,'[1]Pivot Gioc'!$B:$B,'[1]Pivot Gioc'!$Q:$Q,"") -> 11 | E9: =_xlfn.XLOOKUP($B9,'[1]Pivot Gioc'!$B:$B,'[1]Pivot Gioc'!$N:$N,"") -> 5 | F9: =_xlfn.XLOOKUP($B9,'[1]Pivot Gioc'!$B:$B,'[1]Pivot Gioc'!$J:$J,"") -> 0 | G9: =_xlfn.XLOOKUP($B9,'[1]Pivot Gioc'!$B:$B,'[1]Pivot Gioc'!$I:$I,"") -> 0 | H9: =_xlfn.XLOOKUP($B9,'[1]Pivot Gioc'!$B:$B,'[1]Pivot Gioc'!$H:$H,"") -> 0 | I9: =_xlfn.XLOOKUP($B9,'[1]Pivot Gioc'!$B:$B,'[1]Pivot Gioc'!$P:$P,"") -> 0 | J9: =_xlfn.XLOOKUP($B9,'[1]Pivot Gioc'!$B:$B,'[1]Pivot Gioc'!$L:$L,"") -> 2 | K9: =_xlfn.XLOOKUP($B9,'[1]Pivot Gioc'!$B:$B,'[1]Pivot Gioc'!$M:$M,"") -> 0 | L9: =_xlfn.XLOOKUP($B9,'[1]Pivot Gioc'!$B:$B,'[1]Pivot Gioc'!$K:$K,"") -> 0 | M9: =_xlfn.XLOOKUP($B9,'[1]Pivot Gioc'!$B:$B,'[1]Pivot Gioc'!$C:$C,"") -> 6.3888889 | N9: =_xlfn.XLOOKUP($B9,'[1]Pivot Gioc'!$B:$B,'[1]Pivot Gioc'!$D:$D,"") -> 7.8333333 | O9: =_xlfn.XLOOKUP($B9,'[1]Pivot Gioc'!$B:$B,'[1]Pivot Gioc'!$E:$E,"") -> 211.5 | P9: =IF(_xlfn.XLOOKUP($B9,'[1]Pivot Gioc'!$B:$B,'[1]Pivot Gioc'!$G:$G,"")=0,"",_xlfn.XLOOKUP($B9,'[1]Pivot Gioc'!$B:$B,'[1]Pivot Gioc'!$G:$G)) | Q9: =_xlfn.XLOOKUP(B9,[1]!Tabella4[nome],[1]!Tabella4[PRES]) -> #REF! | R9: =_xlfn.XLOOKUP(B9,[1]!Tabella4[nome],[1]!Tabella4[LEGA TIT]) -> #REF! | S9: =IF(_xlfn.XLOOKUP($B9,'[1]Pivot Gioc'!$B:$B,'[1]Pivot Gioc'!$S:$S)="0,00","",_xlfn.XLOOKUP($B9,'[1]Pivot Gioc'!$B:$B,'[1]Pivot Gioc'!$S:$S)) -> 7.8333333 | T9: =IF(_xlfn.XLOOKUP($B9,'[1]Pivot Gioc'!$B:$B,'[1]Pivot Gioc'!$T:$T)=0,"",_xlfn.XLOOKUP($B9,'[1]Pivot Gioc'!$B:$B,'[1]Pivot Gioc'!$T:$T)) -> 211.5 | W9: Martinez L. | X9: 6.4107143 | Y9: HERTHA VERNELLO | AB9: Thuram | AC9: 11 | AD9: PESCICULINI FC | AG9: Thorstvedt | AH9: 9 | AI9: AC ASPARAGHESE | AL9: Audero | AM9: 11 | AQ9: Bonazzoli | AR9: 3 | AS9: APPAREGGIATO
A10: C | B10: Krstovic | C10: =_xlfn.IFNA(_xlfn.XLOOKUP(B10,'[1]ROSE SQUADRE'!$N:$N,'[1]ROSE SQUADRE'!$O:$O),"") -> PARTIZAN DEGRADO | D10: =_xlfn.XLOOKUP($B10,'[1]Pivot Gioc'!$B:$B,'[1]Pivot Gioc'!$Q:$Q,"") -> 10 | E10: =_xlfn.XLOOKUP($B10,'[1]Pivot Gioc'!$B:$B,'[1]Pivot Gioc'!$N:$N,"") -> 4 | F10: =_xlfn.XLOOKUP($B10,'[1]Pivot Gioc'!$B:$B,'[1]Pivot Gioc'!$J:$J,"") -> 0 | G10: =_xlfn.XLOOKUP($B10,'[1]Pivot Gioc'!$B:$B,'[1]Pivot Gioc'!$I:$I,"") -> 0 | H10: =_xlfn.XLOOKUP($B10,'[1]Pivot Gioc'!$B:$B,'[1]Pivot Gioc'!$H:$H,"") -> 0 | I10: =_xlfn.XLOOKUP($B10,'[1]Pivot Gioc'!$B:$B,'[1]Pivot Gioc'!$P:$P,"") -> 0 | J10: =_xlfn.XLOOKUP($B10,'[1]Pivot Gioc'!$B:$B,'[1]Pivot Gioc'!$L:$L,"") -> 4 | K10: =_xlfn.XLOOKUP($B10,'[1]Pivot Gioc'!$B:$B,'[1]Pivot Gioc'!$M:$M,"") -> 0 | L10: =_xlfn.XLOOKUP($B10,'[1]Pivot Gioc'!$B:$B,'[1]Pivot Gioc'!$K:$K,"") -> 0 | M10: =_xlfn.XLOOKUP($B10,'[1]Pivot Gioc'!$B:$B,'[1]Pivot Gioc'!$C:$C,"") -> 6.1666667 | N10: =_xlfn.XLOOKUP($B10,'[1]Pivot Gioc'!$B:$B,'[1]Pivot Gioc'!$D:$D,"") -> 7.3 | O10: =_xlfn.XLOOKUP($B10,'[1]Pivot Gioc'!$B:$B,'[1]Pivot Gioc'!$E:$E,"") -> 219 | P10: =IF(_xlfn.XLOOKUP($B10,'[1]Pivot Gioc'!$B:$B,'[1]Pivot Gioc'!$G:$G,"")=0,"",_xlfn.XLOOKUP($B10,'[1]Pivot Gioc'!$B:$B,'[1]Pivot Gioc'!$G:$G)) | Q10: =_xlfn.XLOOKUP(B10,[1]!Tabella4[nome],[1]!Tabella4[PRES]) -> #REF! | R10: =_xlfn.XLOOKUP(B10,[1]!Tabella4[nome],[1]!Tabella4[LEGA TIT]) -> #REF! | S10: =IF(_xlfn.XLOOKUP($B10,'[1]Pivot Gioc'!$B:$B,'[1]Pivot Gioc'!$S:$S)="0,00","",_xlfn.XLOOKUP($B10,'[1]Pivot Gioc'!$B:$B,'[1]Pivot Gioc'!$S:$S)) -> 7.4782609 | T10: =IF(_xlfn.XLOOKUP($B10,'[1]Pivot Gioc'!$B:$B,'[1]Pivot Gioc'!$T:$T)=0,"",_xlfn.XLOOKUP($B10,'[1]Pivot Gioc'!$B:$B,'[1]Pivot Gioc'!$T:$T)) -> 172 | W10: Thuram | X10: 6.3888889 | Y10: PESCICULINI FC | AB10: Krstovic | AC10: 10 | AD10: PARTIZAN DEGRADO | AG10: Hermoso | AH10: 9 | AI10: PESCICULINI FC | AL10: Provedel | AM10: 11 | AN10: AC ASPARAGHESE | AQ10: Davis K. | AR10: 3 | AS10: PARTIZAN DEGRADO
B11: Yildiz | C11: =_xlfn.IFNA(_xlfn.XLOOKUP(B11,'[1]ROSE SQUADRE'!$N:$N,'[1]ROSE SQUADRE'!$O:$O),"") -> SESTO ASENSIO | D11: =_xlfn.XLOOKUP($B11,'[1]Pivot Gioc'!$B:$B,'[1]Pivot Gioc'!$Q:$Q,"") -> 10 | E11: =_xlfn.XLOOKUP($B11,'[1]Pivot Gioc'!$B:$B,'[1]Pivot Gioc'!$N:$N,"") -> 4 | F11: =_xlfn.XLOOKUP($B11,'[1]Pivot Gioc'!$B:$B,'[1]Pivot Gioc'!$J:$J,"") -> 1 | G11: =_xlfn.XLOOKUP($B11,'[1]Pivot Gioc'!$B:$B,'[1]Pivot Gioc'!$I:$I,"") -> 1 | H11: =_xlfn.XLOOKUP($B11,'[1]Pivot Gioc'!$B:$B,'[1]Pivot Gioc'!$H:$H,"") -> 0 | I11: =_xlfn.XLOOKUP($B11,'[1]Pivot Gioc'!$B:$B,'[1]Pivot Gioc'!$P:$P,"") -> 0 | J11: =_xlfn.XLOOKUP($B11,'[1]Pivot Gioc'!$B:$B,'[1]Pivot Gioc'!$L:$L,"") -> 2 | K11: =_xlfn.XLOOKUP($B11,'[1]Pivot Gioc'!$B:$B,'[1]Pivot Gioc'!$M:$M,"") -> 0 | L11: =_xlfn.XLOOKUP($B11,'[1]Pivot Gioc'!$B:$B,'[1]Pivot Gioc'!$K:$K,"") -> 0 | M11: =_xlfn.XLOOKUP($B11,'[1]Pivot Gioc'!$B:$B,'[1]Pivot Gioc'!$C:$C,"") -> 6.3636364 | N11: =_xlfn.XLOOKUP($B11,'[1]Pivot Gioc'!$B:$B,'[1]Pivot Gioc'!$D:$D,"") -> 7.3030303 | O11: =_xlfn.XLOOKUP($B11,'[1]Pivot Gioc'!$B:$B,'[1]Pivot Gioc'!$E:$E,"") -> 241 | P11: =IF(_xlfn.XLOOKUP($B11,'[1]Pivot Gioc'!$B:$B,'[1]Pivot Gioc'!$G:$G,"")=0,"",_xlfn.XLOOKUP($B11,'[1]Pivot Gioc'!$B:$B,'[1]Pivot Gioc'!$G:$G)) | Q11: =_xlfn.XLOOKUP(B11,[1]!Tabella4[nome],[1]!Tabella4[PRES]) -> #REF! | R11: =_xlfn.XLOOKUP(B11,[1]!Tabella4[nome],[1]!Tabella4[LEGA TIT]) -> #REF! | S11: =IF(_xlfn.XLOOKUP($B11,'[1]Pivot Gioc'!$B:$B,'[1]Pivot Gioc'!$S:$S)="0,00","",_xlfn.XLOOKUP($B11,'[1]Pivot Gioc'!$B:$B,'[1]Pivot Gioc'!$S:$S)) -> 7.3030303 | T11: =IF(_xlfn.XLOOKUP($B11,'[1]Pivot Gioc'!$B:$B,'[1]Pivot Gioc'!$T:$T)=0,"",_xlfn.XLOOKUP($B11,'[1]Pivot Gioc'!$B:$B,'[1]Pivot Gioc'!$T:$T)) -> 241 | W11: Falcone | X11: 6.3888889 | Y11: AC ASPARAGHESE | AB11: Yildiz | AC11: 10 | AD11: SESTO ASENSIO | AG11: Akpa Akpro | AH11: 9 | AL11: Okoye | AM11: 11 | AN11: PESCICULINI FC | AQ11: Malinovskyi | AR11: 3 | AS11: HERTHA VERNELLO
B12: Scamacca | C12: =_xlfn.IFNA(_xlfn.XLOOKUP(B12,'[1]ROSE SQUADRE'!$N:$N,'[1]ROSE SQUADRE'!$O:$O),"") -> AC ASPARAGHESE | D12: =_xlfn.XLOOKUP($B12,'[1]Pivot Gioc'!$B:$B,'[1]Pivot Gioc'!$Q:$Q,"") -> 9 | E12: =_xlfn.XLOOKUP($B12,'[1]Pivot Gioc'!$B:$B,'[1]Pivot Gioc'!$N:$N,"") -> 1 | F12: =_xlfn.XLOOKUP($B12,'[1]Pivot Gioc'!$B:$B,'[1]Pivot Gioc'!$J:$J,"") -> 2 | G12: =_xlfn.XLOOKUP($B12,'[1]Pivot Gioc'!$B:$B,'[1]Pivot Gioc'!$I:$I,"") -> 0 | H12: =_xlfn.XLOOKUP($B12,'[1]Pivot Gioc'!$B:$B,'[1]Pivot Gioc'!$H:$H,"") -> 0 | I12: =_xlfn.XLOOKUP($B12,'[1]Pivot Gioc'!$B:$B,'[1]Pivot Gioc'!$P:$P,"") -> 0 | J12: =_xlfn.XLOOKUP($B12,'[1]Pivot Gioc'!$B:$B,'[1]Pivot Gioc'!$L:$L,"") -> 2 | K12: =_xlfn.XLOOKUP($B12,'[1]Pivot Gioc'!$B:$B,'[1]Pivot Gioc'!$M:$M,"") -> 0 | L12: =_xlfn.XLOOKUP($B12,'[1]Pivot Gioc'!$B:$B,'[1]Pivot Gioc'!$K:$K,"") -> 0 | M12: =_xlfn.XLOOKUP($B12,'[1]Pivot Gioc'!$B:$B,'[1]Pivot Gioc'!$C:$C,"") -> 6.15 | N12: =_xlfn.XLOOKUP($B12,'[1]Pivot Gioc'!$B:$B,'[1]Pivot Gioc'!$D:$D,"") -> 7.6 | O12: =_xlfn.XLOOKUP($B12,'[1]Pivot Gioc'!$B:$B,'[1]Pivot Gioc'!$E:$E,"") -> 152 | P12: =IF(_xlfn.XLOOKUP($B12,'[1]Pivot Gioc'!$B:$B,'[1]Pivot Gioc'!$G:$G,"")=0,"",_xlfn.XLOOKUP($B12,'[1]Pivot Gioc'!$B:$B,'[1]Pivot Gioc'!$G:$G)) | Q12: =_xlfn.XLOOKUP(B12,[1]!Tabella4[nome],[1]!Tabella4[PRES]) -> #REF! | R12: =_xlfn.XLOOKUP(B12,[1]!Tabella4[nome],[1]!Tabella4[LEGA TIT]) -> #REF! | S12: =IF(_xlfn.XLOOKUP($B12,'[1]Pivot Gioc'!$B:$B,'[1]Pivot Gioc'!$S:$S)="0,00","",_xlfn.XLOOKUP($B12,'[1]Pivot Gioc'!$B:$B,'[1]Pivot Gioc'!$S:$S)) -> 7.8214286 | T12: =IF(_xlfn.XLOOKUP($B12,'[1]Pivot Gioc'!$B:$B,'[1]Pivot Gioc'!$T:$T)=0,"",_xlfn.XLOOKUP($B12,'[1]Pivot Gioc'!$B:$B,'[1]Pivot Gioc'!$T:$T)) -> 109.5 | W12: Silvestri | X12: 6.375 | AB12: Scamacca | AC12: 9 | AD12: AC ASPARAGHESE | AG12: Locatelli | AH12: 9 | AI12: ATL IMPROVVISATO | AL12: Milinkovic-Savic V. | AM12: 11 | AN12: SESTO ASENSIO | AQ12: Gudmundsson A. | AR12: 3 | AS12: APPAREGGIATO
A13: D | B13: Bonazzoli | C13: =_xlfn.IFNA(_xlfn.XLOOKUP(B13,'[1]ROSE SQUADRE'!$N:$N,'[1]ROSE SQUADRE'!$O:$O),"") -> APPAREGGIATO | D13: =_xlfn.XLOOKUP($B13,'[1]Pivot Gioc'!$B:$B,'[1]Pivot Gioc'!$Q:$Q,"") -> 9 | E13: =_xlfn.XLOOKUP($B13,'[1]Pivot Gioc'!$B:$B,'[1]Pivot Gioc'!$N:$N,"") -> 2 | F13: =_xlfn.XLOOKUP($B13,'[1]Pivot Gioc'!$B:$B,'[1]Pivot Gioc'!$J:$J,"") -> 3 | G13: =_xlfn.XLOOKUP($B13,'[1]Pivot Gioc'!$B:$B,'[1]Pivot Gioc'!$I:$I,"") -> 0 | H13: =_xlfn.XLOOKUP($B13,'[1]Pivot Gioc'!$B:$B,'[1]Pivot Gioc'!$H:$H,"") -> 0 | I13: =_xlfn.XLOOKUP($B13,'[1]Pivot Gioc'!$B:$B,'[1]Pivot Gioc'!$P:$P,"") -> 0 | J13: =_xlfn.XLOOKUP($B13,'[1]Pivot Gioc'!$B:$B,'[1]Pivot Gioc'!$L:$L,"") -> 4 | K13: =_xlfn.XLOOKUP($B13,'[1]Pivot Gioc'!$B:$B,'[1]Pivot Gioc'!$M:$M,"") -> 0 | L13: =_xlfn.XLOOKUP($B13,'[1]Pivot Gioc'!$B:$B,'[1]Pivot Gioc'!$K:$K,"") -> 0 | M13: =_xlfn.XLOOKUP($B13,'[1]Pivot Gioc'!$B:$B,'[1]Pivot Gioc'!$C:$C,"") -> 6.1176471 | N13: =_xlfn.XLOOKUP($B13,'[1]Pivot Gioc'!$B:$B,'[1]Pivot Gioc'!$D:$D,"") -> 6.9411765 | O13: =_xlfn.XLOOKUP($B13,'[1]Pivot Gioc'!$B:$B,'[1]Pivot Gioc'!$E:$E,"") -> 236 | P13: =IF(_xlfn.XLOOKUP($B13,'[1]Pivot Gioc'!$B:$B,'[1]Pivot Gioc'!$G:$G,"")=0,"",_xlfn.XLOOKUP($B13,'[1]Pivot Gioc'!$B:$B,'[1]Pivot Gioc'!$G:$G)) | Q13: =_xlfn.XLOOKUP(B13,[1]!Tabella4[nome],[1]!Tabella4[PRES]) -> #REF! | R13: =_xlfn.XLOOKUP(B13,[1]!Tabella4[nome],[1]!Tabella4[LEGA TIT]) -> #REF! | S13: =IF(_xlfn.XLOOKUP($B13,'[1]Pivot Gioc'!$B:$B,'[1]Pivot Gioc'!$S:$S)="0,00","",_xlfn.XLOOKUP($B13,'[1]Pivot Gioc'!$B:$B,'[1]Pivot Gioc'!$S:$S)) -> 7.6 | T13: =IF(_xlfn.XLOOKUP($B13,'[1]Pivot Gioc'!$B:$B,'[1]Pivot Gioc'!$T:$T)=0,"",_xlfn.XLOOKUP($B13,'[1]Pivot Gioc'!$B:$B,'[1]Pivot Gioc'!$T:$T)) -> 38 | AB13: Bonazzoli | AC13: 9 | AD13: APPAREGGIATO
B14: Pellegrino M. | C14: =_xlfn.IFNA(_xlfn.XLOOKUP(B14,'[1]ROSE SQUADRE'!$N:$N,'[1]ROSE SQUADRE'!$O:$O),"") -> APPAREGGIATO | D14: =_xlfn.XLOOKUP($B14,'[1]Pivot Gioc'!$B:$B,'[1]Pivot Gioc'!$Q:$Q,"") -> 9 | E14: =_xlfn.XLOOKUP($B14,'[1]Pivot Gioc'!$B:$B,'[1]Pivot Gioc'!$N:$N,"") -> 0 | F14: =_xlfn.XLOOKUP($B14,'[1]Pivot Gioc'!$B:$B,'[1]Pivot Gioc'!$J:$J,"") -> 1 | G14: =_xlfn.XLOOKUP($B14,'[1]Pivot Gioc'!$B:$B,'[1]Pivot Gioc'!$I:$I,"") -> 0 | H14: =_xlfn.XLOOKUP($B14,'[1]Pivot Gioc'!$B:$B,'[1]Pivot Gioc'!$H:$H,"") -> 0 | I14: =_xlfn.XLOOKUP($B14,'[1]Pivot Gioc'!$B:$B,'[1]Pivot Gioc'!$P:$P,"") -> 0 | J14: =_xlfn.XLOOKUP($B14,'[1]Pivot Gioc'!$B:$B,'[1]Pivot Gioc'!$L:$L,"") -> 5 | K14: =_xlfn.XLOOKUP($B14,'[1]Pivot Gioc'!$B:$B,'[1]Pivot Gioc'!$M:$M,"") -> 0 | L14: =_xlfn.XLOOKUP($B14,'[1]Pivot Gioc'!$B:$B,'[1]Pivot Gioc'!$K:$K,"") -> 0 | M14: =_xlfn.XLOOKUP($B14,'[1]Pivot Gioc'!$B:$B,'[1]Pivot Gioc'!$C:$C,"") -> 5.9857143 | N14: =_xlfn.XLOOKUP($B14,'[1]Pivot Gioc'!$B:$B,'[1]Pivot Gioc'!$D:$D,"") -> 6.8 | O14: =_xlfn.XLOOKUP($B14,'[1]Pivot Gioc'!$B:$B,'[1]Pivot Gioc'!$E:$E,"") -> 238 | P14: =IF(_xlfn.XLOOKUP($B14,'[1]Pivot Gioc'!$B:$B,'[1]Pivot Gioc'!$G:$G,"")=0,"",_xlfn.XLOOKUP($B14,'[1]Pivot Gioc'!$B:$B,'[1]Pivot Gioc'!$G:$G)) | Q14: =_xlfn.XLOOKUP(B14,[1]!Tabella4[nome],[1]!Tabella4[PRES]) -> #REF! | R14: =_xlfn.XLOOKUP(B14,[1]!Tabella4[nome],[1]!Tabella4[LEGA TIT]) -> #REF! | S14: =IF(_xlfn.XLOOKUP($B14,'[1]Pivot Gioc'!$B:$B,'[1]Pivot Gioc'!$S:$S)="0,00","",_xlfn.XLOOKUP($B14,'[1]Pivot Gioc'!$B:$B,'[1]Pivot Gioc'!$S:$S)) -> 6.8214286 | T14: =IF(_xlfn.XLOOKUP($B14,'[1]Pivot Gioc'!$B:$B,'[1]Pivot Gioc'!$T:$T)=0,"",_xlfn.XLOOKUP($B14,'[1]Pivot Gioc'!$B:$B,'[1]Pivot Gioc'!$T:$T)) -> 95.5 | AB14: Pellegrino M. | AC14: 9 | AD14: APPAREGGIATO
B15: Davis K. | C15: =_xlfn.IFNA(_xlfn.XLOOKUP(B15,'[1]ROSE SQUADRE'!$N:$N,'[1]ROSE SQUADRE'!$O:$O),"") -> PARTIZAN DEGRADO | D15: =_xlfn.XLOOKUP($B15,'[1]Pivot Gioc'!$B:$B,'[1]Pivot Gioc'!$Q:$Q,"") -> 9 | E15: =_xlfn.XLOOKUP($B15,'[1]Pivot Gioc'!$B:$B,'[1]Pivot Gioc'!$N:$N,"") -> 3 | F15: =_xlfn.XLOOKUP($B15,'[1]Pivot Gioc'!$B:$B,'[1]Pivot Gioc'!$J:$J,"") -> 3 | G15: =_xlfn.XLOOKUP($B15,'[1]Pivot Gioc'!$B:$B,'[1]Pivot Gioc'!$I:$I,"") -> 0 | H15: =_xlfn.XLOOKUP($B15,'[1]Pivot Gioc'!$B:$B,'[1]Pivot Gioc'!$H:$H,"") -> 0 | I15: =_xlfn.XLOOKUP($B15,'[1]Pivot Gioc'!$B:$B,'[1]Pivot Gioc'!$P:$P,"") -> 0 | J15: =_xlfn.XLOOKUP($B15,'[1]Pivot Gioc'!$B:$B,'[1]Pivot Gioc'!$L:$L,"") -> 4 | K15: =_xlfn.XLOOKUP($B15,'[1]Pivot Gioc'!$B:$B,'[1]Pivot Gioc'!$M:$M,"") -> 0 | L15: =_xlfn.XLOOKUP($B15,'[1]Pivot Gioc'!$B:$B,'[1]Pivot Gioc'!$K:$K,"") -> 0 | M15: =_xlfn.XLOOKUP($B15,'[1]Pivot Gioc'!$B:$B,'[1]Pivot Gioc'!$C:$C,"") -> 6.2857143 | N15: =_xlfn.XLOOKUP($B15,'[1]Pivot Gioc'!$B:$B,'[1]Pivot Gioc'!$D:$D,"") -> 7.2857143 | O15: =_xlfn.XLOOKUP($B15,'[1]Pivot Gioc'!$B:$B,'[1]Pivot Gioc'!$E:$E,"") -> 204 | P15: =IF(_xlfn.XLOOKUP($B15,'[1]Pivot Gioc'!$B:$B,'[1]Pivot Gioc'!$G:$G,"")=0,"",_xlfn.XLOOKUP($B15,'[1]Pivot Gioc'!$B:$B,'[1]Pivot Gioc'!$G:$G)) | Q15: =_xlfn.XLOOKUP(B15,[1]!Tabella4[nome],[1]!Tabella4[PRES]) -> #REF! | R15: =_xlfn.XLOOKUP(B15,[1]!Tabella4[nome],[1]!Tabella4[LEGA TIT]) -> #REF! | S15: =IF(_xlfn.XLOOKUP($B15,'[1]Pivot Gioc'!$B:$B,'[1]Pivot Gioc'!$S:$S)="0,00","",_xlfn.XLOOKUP($B15,'[1]Pivot Gioc'!$B:$B,'[1]Pivot Gioc'!$S:$S)) -> 7.3125 | T15: =IF(_xlfn.XLOOKUP($B15,'[1]Pivot Gioc'!$B:$B,'[1]Pivot Gioc'!$T:$T)=0,"",_xlfn.XLOOKUP($B15,'[1]Pivot Gioc'!$B:$B,'[1]Pivot Gioc'!$T:$T)) -> 117 | W15: media fanta voto | AB15: Davis K. | AC15: 9 | AD15: PARTIZAN DEGRADO | AG15: espulsioni | AL15: GOL SUBITI | AQ15: RIGORI SBAGLIATI
B16: Orsolini | C16: =_xlfn.IFNA(_xlfn.XLOOKUP(B16,'[1]ROSE SQUADRE'!$N:$N,'[1]ROSE SQUADRE'!$O:$O),"") -> PARTIZAN DEGRADO | D16: =_xlfn.XLOOKUP($B16,'[1]Pivot Gioc'!$B:$B,'[1]Pivot Gioc'!$Q:$Q,"") -> 9 | E16: =_xlfn.XLOOKUP($B16,'[1]Pivot Gioc'!$B:$B,'[1]Pivot Gioc'!$N:$N,"") -> 1 | F16: =_xlfn.XLOOKUP($B16,'[1]Pivot Gioc'!$B:$B,'[1]Pivot Gioc'!$J:$J,"") -> 4 | G16: =_xlfn.XLOOKUP($B16,'[1]Pivot Gioc'!$B:$B,'[1]Pivot Gioc'!$I:$I,"") -> 2 | H16: =_xlfn.XLOOKUP($B16,'[1]Pivot Gioc'!$B:$B,'[1]Pivot Gioc'!$H:$H,"") -> 0 | I16: =_xlfn.XLOOKUP($B16,'[1]Pivot Gioc'!$B:$B,'[1]Pivot Gioc'!$P:$P,"") -> 0 | J16: =_xlfn.XLOOKUP($B16,'[1]Pivot Gioc'!$B:$B,'[1]Pivot Gioc'!$L:$L,"") -> 2 | K16: =_xlfn.XLOOKUP($B16,'[1]Pivot Gioc'!$B:$B,'[1]Pivot Gioc'!$M:$M,"") -> 0 | L16: =_xlfn.XLOOKUP($B16,'[1]Pivot Gioc'!$B:$B,'[1]Pivot Gioc'!$K:$K,"") -> 0 | M16: =_xlfn.XLOOKUP($B16,'[1]Pivot Gioc'!$B:$B,'[1]Pivot Gioc'!$C:$C,"") -> 6.03125 | N16: =_xlfn.XLOOKUP($B16,'[1]Pivot Gioc'!$B:$B,'[1]Pivot Gioc'!$D:$D,"") -> 6.75 | O16: =_xlfn.XLOOKUP($B16,'[1]Pivot Gioc'!$B:$B,'[1]Pivot Gioc'!$E:$E,"") -> 216 | P16: =IF(_xlfn.XLOOKUP($B16,'[1]Pivot Gioc'!$B:$B,'[1]Pivot Gioc'!$G:$G,"")=0,"",_xlfn.XLOOKUP($B16,'[1]Pivot Gioc'!$B:$B,'[1]Pivot Gioc'!$G:$G)) | Q16: =_xlfn.XLOOKUP(B16,[1]!Tabella4[nome],[1]!Tabella4[PRES]) -> #REF! | R16: =_xlfn.XLOOKUP(B16,[1]!Tabella4[nome],[1]!Tabella4[LEGA TIT]) -> #REF! | S16: =IF(_xlfn.XLOOKUP($B16,'[1]Pivot Gioc'!$B:$B,'[1]Pivot Gioc'!$S:$S)="0,00","",_xlfn.XLOOKUP($B16,'[1]Pivot Gioc'!$B:$B,'[1]Pivot Gioc'!$S:$S)) -> 6.75 | T16: =IF(_xlfn.XLOOKUP($B16,'[1]Pivot Gioc'!$B:$B,'[1]Pivot Gioc'!$T:$T)=0,"",_xlfn.XLOOKUP($B16,'[1]Pivot Gioc'!$B:$B,'[1]Pivot Gioc'!$T:$T)) -> 216 | W16: {=INDEX(_xlfn._xlws.SORT($B$3:$N$508,13,-1),_xlfn.SEQUENCE(10),1)} -> Lukaku | X16: {=INDEX(_xlfn._xlws.SORT($B$3:$N$508,13,-1),_xlfn.SEQUENCE(10),13)} -> 10.5 | Y16: {=INDEX(_xlfn._xlws.SORT($B$3:$N$508,13,-1),_xlfn.SEQUENCE(10),2)} -> SAN GRIA | AB16: Orsolini | AC16: 9 | AD16: PARTIZAN DEGRADO | AG16: {=INDEX(_xlfn._xlws.SORT($B$3:$N$508,10,-1),_xlfn.SEQUENCE(10),1)} -> Wesley | AH16: {=INDEX(_xlfn._xlws.SORT($B$3:$N$508,10,-1),_xlfn.SEQUENCE(10),10)} -> 2 | AI16: {=INDEX(_xlfn._xlws.SORT($B$3:$N$508,10,-1),_xlfn.SEQUENCE(10),2)} -> APPAREGGIATO | AL16: {=INDEX(_xlfn._xlws.SORT(_xlfn._xlws.FILTER($B$3:$P$508,($A$3:$A$508="p")*($P$3:$P$508<>"")),14,-1),_xlfn.SEQUENCE(10),1)} -> #N/A | AM16: {=INDEX(_xlfn._xlws.SORT(_xlfn._xlws.FILTER($B$3:$P$508,($A$3:$A$508="p")*($P$3:$P$508<>"")),14,-1),_xlfn.SEQUENCE(10),14)} -> #N/A | AN16: {=INDEX(_xlfn._xlws.SORT(_xlfn._xlws.FILTER($B$3:$P$508,($A$3:$A$508="p")*($P$3:$P$508<>"")),14,-1),_xlfn.SEQUENCE(10),2)} -> #N/A | AQ16: {=INDEX(_xlfn._xlws.SORT($B$3:$N$508,6,-1),_xlfn.SEQUENCE(10),1)} -> Paz N. | AR16: {=INDEX(_xlfn._xlws.SORT($B$3:$N$508,6,-1),_xlfn.SEQUENCE(10),6)} -> 2 | AS16: {=INDEX(_xlfn._xlws.SORT($B$3:$N$508,6,-1),_xlfn.SEQUENCE(10),2)} -> AC ASPARAGHESE
A17: P | B17: Calhanoglu | C17: =_xlfn.IFNA(_xlfn.XLOOKUP(B17,'[1]ROSE SQUADRE'!$N:$N,'[1]ROSE SQUADRE'!$O:$O),"") -> SAN GRIA | D17: =_xlfn.XLOOKUP($B17,'[1]Pivot Gioc'!$B:$B,'[1]Pivot Gioc'!$Q:$Q,"") -> 9 | E17: =_xlfn.XLOOKUP($B17,'[1]Pivot Gioc'!$B:$B,'[1]Pivot Gioc'!$N:$N,"") -> 4 | F17: =_xlfn.XLOOKUP($B17,'[1]Pivot Gioc'!$B:$B,'[1]Pivot Gioc'!$J:$J,"") -> 4 | G17: =_xlfn.XLOOKUP($B17,'[1]Pivot Gioc'!$B:$B,'[1]Pivot Gioc'!$I:$I,"") -> 1 | H17: =_xlfn.XLOOKUP($B17,'[1]Pivot Gioc'!$B:$B,'[1]Pivot Gioc'!$H:$H,"") -> 0 | I17: =_xlfn.XLOOKUP($B17,'[1]Pivot Gioc'!$B:$B,'[1]Pivot Gioc'!$P:$P,"") -> 0 | J17: =_xlfn.XLOOKUP($B17,'[1]Pivot Gioc'!$B:$B,'[1]Pivot Gioc'!$L:$L,"") -> 7 | K17: =_xlfn.XLOOKUP($B17,'[1]Pivot Gioc'!$B:$B,'[1]Pivot Gioc'!$M:$M,"") -> 0 | L17: =_xlfn.XLOOKUP($B17,'[1]Pivot Gioc'!$B:$B,'[1]Pivot Gioc'!$K:$K,"") -> 0 | M17: =_xlfn.XLOOKUP($B17,'[1]Pivot Gioc'!$B:$B,'[1]Pivot Gioc'!$C:$C,"") -> 6.5952381 | N17: =_xlfn.XLOOKUP($B17,'[1]Pivot Gioc'!$B:$B,'[1]Pivot Gioc'!$D:$D,"") -> 7.8095238 | O17: =_xlfn.XLOOKUP($B17,'[1]Pivot Gioc'!$B:$B,'[1]Pivot Gioc'!$E:$E,"") -> 164 | P17: =IF(_xlfn.XLOOKUP($B17,'[1]Pivot Gioc'!$B:$B,'[1]Pivot Gioc'!$G:$G,"")=0,"",_xlfn.XLOOKUP($B17,'[1]Pivot Gioc'!$B:$B,'[1]Pivot Gioc'!$G:$G)) | Q17: =_xlfn.XLOOKUP(B17,[1]!Tabella4[nome],[1]!Tabella4[PRES]) -> #REF! | R17: =_xlfn.XLOOKUP(B17,[1]!Tabella4[nome],[1]!Tabella4[LEGA TIT]) -> #REF! | S17: =IF(_xlfn.XLOOKUP($B17,'[1]Pivot Gioc'!$B:$B,'[1]Pivot Gioc'!$S:$S)="0,00","",_xlfn.XLOOKUP($B17,'[1]Pivot Gioc'!$B:$B,'[1]Pivot Gioc'!$S:$S)) -> 7.8095238 | T17: =IF(_xlfn.XLOOKUP($B17,'[1]Pivot Gioc'!$B:$B,'[1]Pivot Gioc'!$T:$T)=0,"",_xlfn.XLOOKUP($B17,'[1]Pivot Gioc'!$B:$B,'[1]Pivot Gioc'!$T:$T)) -> 164 | W17: Malen | X17: 9.3055556 | Y17: APPAREGGIATO | AB17: Calhanoglu | AC17: 9 | AD17: SAN GRIA | AG17: Troilo | AH17: 2 | AL17: #N/A | AM17: #N/A | AN17: #N/A | AQ17: Orsolini | AR17: 2 | AS17: PARTIZAN DEGRADO
A18: D | B18: Leao | C18: =_xlfn.IFNA(_xlfn.XLOOKUP(B18,'[1]ROSE SQUADRE'!$N:$N,'[1]ROSE SQUADRE'!$O:$O),"") -> SAN GRIA | D18: =_xlfn.XLOOKUP($B18,'[1]Pivot Gioc'!$B:$B,'[1]Pivot Gioc'!$Q:$Q,"") -> 9 | E18: =_xlfn.XLOOKUP($B18,'[1]Pivot Gioc'!$B:$B,'[1]Pivot Gioc'!$N:$N,"") -> 3 | F18: =_xlfn.XLOOKUP($B18,'[1]Pivot Gioc'!$B:$B,'[1]Pivot Gioc'!$J:$J,"") -> 2 | G18: =_xlfn.XLOOKUP($B18,'[1]Pivot Gioc'!$B:$B,'[1]Pivot Gioc'!$I:$I,"") -> 0 | H18: =_xlfn.XLOOKUP($B18,'[1]Pivot Gioc'!$B:$B,'[1]Pivot Gioc'!$H:$H,"") -> 0 | I18: =_xlfn.XLOOKUP($B18,'[1]Pivot Gioc'!$B:$B,'[1]Pivot Gioc'!$P:$P,"") -> 0 | J18: =_xlfn.XLOOKUP($B18,'[1]Pivot Gioc'!$B:$B,'[1]Pivot Gioc'!$L:$L,"") -> 5 | K18: =_xlfn.XLOOKUP($B18,'[1]Pivot Gioc'!$B:$B,'[1]Pivot Gioc'!$M:$M,"") -> 0 | L18: =_xlfn.XLOOKUP($B18,'[1]Pivot Gioc'!$B:$B,'[1]Pivot Gioc'!$K:$K,"") -> 0 | M18: =_xlfn.XLOOKUP($B18,'[1]Pivot Gioc'!$B:$B,'[1]Pivot Gioc'!$C:$C,"") -> 5.875 | N18: =_xlfn.XLOOKUP($B18,'[1]Pivot Gioc'!$B:$B,'[1]Pivot Gioc'!$D:$D,"") -> 6.9642857 | O18: =_xlfn.XLOOKUP($B18,'[1]Pivot Gioc'!$B:$B,'[1]Pivot Gioc'!$E:$E,"") -> 195 | P18: =IF(_xlfn.XLOOKUP($B18,'[1]Pivot Gioc'!$B:$B,'[1]Pivot Gioc'!$G:$G,"")=0,"",_xlfn.XLOOKUP($B18,'[1]Pivot Gioc'!$B:$B,'[1]Pivot Gioc'!$G:$G)) | Q18: =_xlfn.XLOOKUP(B18,[1]!Tabella4[nome],[1]!Tabella4[PRES]) -> #REF! | R18: =_xlfn.XLOOKUP(B18,[1]!Tabella4[nome],[1]!Tabella4[LEGA TIT]) -> #REF! | S18: =IF(_xlfn.XLOOKUP($B18,'[1]Pivot Gioc'!$B:$B,'[1]Pivot Gioc'!$S:$S)="0,00","",_xlfn.XLOOKUP($B18,'[1]Pivot Gioc'!$B:$B,'[1]Pivot Gioc'!$S:$S)) -> 7 | T18: =IF(_xlfn.XLOOKUP($B18,'[1]Pivot Gioc'!$B:$B,'[1]Pivot Gioc'!$T:$T)=0,"",_xlfn.XLOOKUP($B18,'[1]Pivot Gioc'!$B:$B,'[1]Pivot Gioc'!$T:$T)) -> 189 | W18: Martinez L. | X18: 8.6428571 | Y18: HERTHA VERNELLO | AB18: Leao | AC18: 9 | AD18: SAN GRIA | AG18: Pinamonti | AH18: 1 | AI18: AC ASPARAGHESE | AL18: #N/A | AM18: #N/A | AN18: #N/A | AQ18: Malen | AR18: 1 | AS18: APPAREGGIATO
A19: C | B19: McTominay | C19: =_xlfn.IFNA(_xlfn.XLOOKUP(B19,'[1]ROSE SQUADRE'!$N:$N,'[1]ROSE SQUADRE'!$O:$O),"") -> SAN GRIA | D19: =_xlfn.XLOOKUP($B19,'[1]Pivot Gioc'!$B:$B,'[1]Pivot Gioc'!$Q:$Q,"") -> 9 | E19: =_xlfn.XLOOKUP($B19,'[1]Pivot Gioc'!$B:$B,'[1]Pivot Gioc'!$N:$N,"") -> 2 | F19: =_xlfn.XLOOKUP($B19,'[1]Pivot Gioc'!$B:$B,'[1]Pivot Gioc'!$J:$J,"") -> 0 | G19: =_xlfn.XLOOKUP($B19,'[1]Pivot Gioc'!$B:$B,'[1]Pivot Gioc'!$I:$I,"") -> 1 | H19: =_xlfn.XLOOKUP($B19,'[1]Pivot Gioc'!$B:$B,'[1]Pivot Gioc'!$H:$H,"") -> 0 | I19: =_xlfn.XLOOKUP($B19,'[1]Pivot Gioc'!$B:$B,'[1]Pivot Gioc'!$P:$P,"") -> 0 | J19: =_xlfn.XLOOKUP($B19,'[1]Pivot Gioc'!$B:$B,'[1]Pivot Gioc'!$L:$L,"") -> 1 | K19: =_xlfn.XLOOKUP($B19,'[1]Pivot Gioc'!$B:$B,'[1]Pivot Gioc'!$M:$M,"") -> 0 | L19: =_xlfn.XLOOKUP($B19,'[1]Pivot Gioc'!$B:$B,'[1]Pivot Gioc'!$K:$K,"") -> 0 | M19: =_xlfn.XLOOKUP($B19,'[1]Pivot Gioc'!$B:$B,'[1]Pivot Gioc'!$C:$C,"") -> 6.3709677 | N19: =_xlfn.XLOOKUP($B19,'[1]Pivot Gioc'!$B:$B,'[1]Pivot Gioc'!$D:$D,"") -> 7.3225806 | O19: =_xlfn.XLOOKUP($B19,'[1]Pivot Gioc'!$B:$B,'[1]Pivot Gioc'!$E:$E,"") -> 227 | P19: =IF(_xlfn.XLOOKUP($B19,'[1]Pivot Gioc'!$B:$B,'[1]Pivot Gioc'!$G:$G,"")=0,"",_xlfn.XLOOKUP($B19,'[1]Pivot Gioc'!$B:$B,'[1]Pivot Gioc'!$G:$G)) | Q19: =_xlfn.XLOOKUP(B19,[1]!Tabella4[nome],[1]!Tabella4[PRES]) -> #REF! | R19: =_xlfn.XLOOKUP(B19,[1]!Tabella4[nome],[1]!Tabella4[LEGA TIT]) -> #REF! | S19: =IF(_xlfn.XLOOKUP($B19,'[1]Pivot Gioc'!$B:$B,'[1]Pivot Gioc'!$S:$S)="0,00","",_xlfn.XLOOKUP($B19,'[1]Pivot Gioc'!$B:$B,'[1]Pivot Gioc'!$S:$S)) -> 7.3833333 | T19: =IF(_xlfn.XLOOKUP($B19,'[1]Pivot Gioc'!$B:$B,'[1]Pivot Gioc'!$T:$T)=0,"",_xlfn.XLOOKUP($B19,'[1]Pivot Gioc'!$B:$B,'[1]Pivot Gioc'!$T:$T)) -> 221.5 | W19: Belotti | X19: 7.875 | AB19: McTominay | AC19: 9 | AD19: SAN GRIA | AG19: Berardi | AH19: 1 | AI19: HERTHA VERNELLO | AL19: #N/A | AM19: #N/A | AN19: #N/A | AQ19: Yildiz | AR19: 1 | AS19: SESTO ASENSIO
B20: Pinamonti | C20: =_xlfn.IFNA(_xlfn.XLOOKUP(B20,'[1]ROSE SQUADRE'!$N:$N,'[1]ROSE SQUADRE'!$O:$O),"") -> AC ASPARAGHESE | D20: =_xlfn.XLOOKUP($B20,'[1]Pivot Gioc'!$B:$B,'[1]Pivot Gioc'!$Q:$Q,"") -> 8 | E20: =_xlfn.XLOOKUP($B20,'[1]Pivot Gioc'!$B:$B,'[1]Pivot Gioc'!$N:$N,"") -> 3 | F20: =_xlfn.XLOOKUP($B20,'[1]Pivot Gioc'!$B:$B,'[1]Pivot Gioc'!$J:$J,"") -> 0 | G20: =_xlfn.XLOOKUP($B20,'[1]Pivot Gioc'!$B:$B,'[1]Pivot Gioc'!$I:$I,"") -> 1 | H20: =_xlfn.XLOOKUP($B20,'[1]Pivot Gioc'!$B:$B,'[1]Pivot Gioc'!$H:$H,"") -> 0 | I20: =_xlfn.XLOOKUP($B20,'[1]Pivot Gioc'!$B:$B,'[1]Pivot Gioc'!$P:$P,"") -> 0 | J20: =_xlfn.XLOOKUP($B20,'[1]Pivot Gioc'!$B:$B,'[1]Pivot Gioc'!$L:$L,"") -> 2 | K20: =_xlfn.XLOOKUP($B20,'[1]Pivot Gioc'!$B:$B,'[1]Pivot Gioc'!$M:$M,"") -> 1 | L20: =_xlfn.XLOOKUP($B20,'[1]Pivot Gioc'!$B:$B,'[1]Pivot Gioc'!$K:$K,"") -> 0 | M20: =_xlfn.XLOOKUP($B20,'[1]Pivot Gioc'!$B:$B,'[1]Pivot Gioc'!$C:$C,"") -> 5.875 | N20: =_xlfn.XLOOKUP($B20,'[1]Pivot Gioc'!$B:$B,'[1]Pivot Gioc'!$D:$D,"") -> 6.6875 | O20: =_xlfn.XLOOKUP($B20,'[1]Pivot Gioc'!$B:$B,'[1]Pivot Gioc'!$E:$E,"") -> 214 | P20: =IF(_xlfn.XLOOKUP($B20,'[1]Pivot Gioc'!$B:$B,'[1]Pivot Gioc'!$G:$G,"")=0,"",_xlfn.XLOOKUP($B20,'[1]Pivot Gioc'!$B:$B,'[1]Pivot Gioc'!$G:$G)) | Q20: =_xlfn.XLOOKUP(B20,[1]!Tabella4[nome],[1]!Tabella4[PRES]) -> #REF! | R20: =_xlfn.XLOOKUP(B20,[1]!Tabella4[nome],[1]!Tabella4[LEGA TIT]) -> #REF! | S20: =IF(_xlfn.XLOOKUP($B20,'[1]Pivot Gioc'!$B:$B,'[1]Pivot Gioc'!$S:$S)="0,00","",_xlfn.XLOOKUP($B20,'[1]Pivot Gioc'!$B:$B,'[1]Pivot Gioc'!$S:$S)) -> 6.9137931 | T20: =IF(_xlfn.XLOOKUP($B20,'[1]Pivot Gioc'!$B:$B,'[1]Pivot Gioc'!$T:$T)=0,"",_xlfn.XLOOKUP($B20,'[1]Pivot Gioc'!$B:$B,'[1]Pivot Gioc'!$T:$T)) -> 200.5 | W20: Thuram | X20: 7.8333333 | Y20: PESCICULINI FC | AB20: Pinamonti | AC20: 8 | AD20: AC ASPARAGHESE | AG20: Orban G. | AH20: 1 | AI20: SESTO ASENSIO | AL20: #N/A | AM20: #N/A | AN20: #N/A | AQ20: Calhanoglu | AR20: 1 | AS20: SAN GRIA
A21: C | B21: Kean | C21: =_xlfn.IFNA(_xlfn.XLOOKUP(B21,'[1]ROSE SQUADRE'!$N:$N,'[1]ROSE SQUADRE'!$O:$O),"") -> HERTHA VERNELLO | D21: =_xlfn.XLOOKUP($B21,'[1]Pivot Gioc'!$B:$B,'[1]Pivot Gioc'!$Q:$Q,"") -> 8 | E21: =_xlfn.XLOOKUP($B21,'[1]Pivot Gioc'!$B:$B,'[1]Pivot Gioc'!$N:$N,"") -> 1 | F21: =_xlfn.XLOOKUP($B21,'[1]Pivot Gioc'!$B:$B,'[1]Pivot Gioc'!$J:$J,"") -> 2 | G21: =_xlfn.XLOOKUP($B21,'[1]Pivot Gioc'!$B:$B,'[1]Pivot Gioc'!$I:$I,"") -> 0 | H21: =_xlfn.XLOOKUP($B21,'[1]Pivot Gioc'!$B:$B,'[1]Pivot Gioc'!$H:$H,"") -> 0 | I21: =_xlfn.XLOOKUP($B21,'[1]Pivot Gioc'!$B:$B,'[1]Pivot Gioc'!$P:$P,"") -> 0 | J21: =_xlfn.XLOOKUP($B21,'[1]Pivot Gioc'!$B:$B,'[1]Pivot Gioc'!$L:$L,"") -> 4 | K21: =_xlfn.XLOOKUP($B21,'[1]Pivot Gioc'!$B:$B,'[1]Pivot Gioc'!$M:$M,"") -> 0 | L21: =_xlfn.XLOOKUP($B21,'[1]Pivot Gioc'!$B:$B,'[1]Pivot Gioc'!$K:$K,"") -> 0 | M21: =_xlfn.XLOOKUP($B21,'[1]Pivot Gioc'!$B:$B,'[1]Pivot Gioc'!$C:$C,"") -> 5.9583333 | N21: =_xlfn.XLOOKUP($B21,'[1]Pivot Gioc'!$B:$B,'[1]Pivot Gioc'!$D:$D,"") -> 7.0416667 | O21: =_xlfn.XLOOKUP($B21,'[1]Pivot Gioc'!$B:$B,'[1]Pivot Gioc'!$E:$E,"") -> 169 | P21: =IF(_xlfn.XLOOKUP($B21,'[1]Pivot Gioc'!$B:$B,'[1]Pivot Gioc'!$G:$G,"")=0,"",_xlfn.XLOOKUP($B21,'[1]Pivot Gioc'!$B:$B,'[1]Pivot Gioc'!$G:$G)) | Q21: =_xlfn.XLOOKUP(B21,[1]!Tabella4[nome],[1]!Tabella4[PRES]) -> #REF! | R21: =_xlfn.XLOOKUP(B21,[1]!Tabella4[nome],[1]!Tabella4[LEGA TIT]) -> #REF! | S21: =IF(_xlfn.XLOOKUP($B21,'[1]Pivot Gioc'!$B:$B,'[1]Pivot Gioc'!$S:$S)="0,00","",_xlfn.XLOOKUP($B21,'[1]Pivot Gioc'!$B:$B,'[1]Pivot Gioc'!$S:$S)) -> 6.8695652 | T21: =IF(_xlfn.XLOOKUP($B21,'[1]Pivot Gioc'!$B:$B,'[1]Pivot Gioc'!$T:$T)=0,"",_xlfn.XLOOKUP($B21,'[1]Pivot Gioc'!$B:$B,'[1]Pivot Gioc'!$T:$T)) -> 158 | W21: Calhanoglu | X21: 7.8095238 | Y21: SAN GRIA | AB21: Kean | AC21: 8 | AD21: HERTHA VERNELLO | AG21: Rabiot | AH21: 1 | AI21: PARTIZAN DEGRADO | AL21: #N/A | AM21: #N/A | AN21: #N/A | AQ21: McTominay | AR21: 1 | AS21: SAN GRIA
B22: Vlasic | C22: =_xlfn.IFNA(_xlfn.XLOOKUP(B22,'[1]ROSE SQUADRE'!$N:$N,'[1]ROSE SQUADRE'!$O:$O),"") -> PESCICULINI FC | D22: =_xlfn.XLOOKUP($B22,'[1]Pivot Gioc'!$B:$B,'[1]Pivot Gioc'!$Q:$Q,"") -> 8 | E22: =_xlfn.XLOOKUP($B22,'[1]Pivot Gioc'!$B:$B,'[1]Pivot Gioc'!$N:$N,"") -> 3 | F22: =_xlfn.XLOOKUP($B22,'[1]Pivot Gioc'!$B:$B,'[1]Pivot Gioc'!$J:$J,"") -> 5 | G22: =_xlfn.XLOOKUP($B22,'[1]Pivot Gioc'!$B:$B,'[1]Pivot Gioc'!$I:$I,"") -> 0 | H22: =_xlfn.XLOOKUP($B22,'[1]Pivot Gioc'!$B:$B,'[1]Pivot Gioc'!$H:$H,"") -> 0 | I22: =_xlfn.XLOOKUP($B22,'[1]Pivot Gioc'!$B:$B,'[1]Pivot Gioc'!$P:$P,"") -> 0 | J22: =_xlfn.XLOOKUP($B22,'[1]Pivot Gioc'!$B:$B,'[1]Pivot Gioc'!$L:$L,"") -> 6 | K22: =_xlfn.XLOOKUP($B22,'[1]Pivot Gioc'!$B:$B,'[1]Pivot Gioc'!$M:$M,"") -> 0 | L22: =_xlfn.XLOOKUP($B22,'[1]Pivot Gioc'!$B:$B,'[1]Pivot Gioc'!$K:$K,"") -> 0 | M22: =_xlfn.XLOOKUP($B22,'[1]Pivot Gioc'!$B:$B,'[1]Pivot Gioc'!$C:$C,"") -> 6.0428571 | N22: =_xlfn.XLOOKUP($B22,'[1]Pivot Gioc'!$B:$B,'[1]Pivot Gioc'!$D:$D,"") -> 6.7857143 | O22: =_xlfn.XLOOKUP($B22,'[1]Pivot Gioc'!$B:$B,'[1]Pivot Gioc'!$E:$E,"") -> 237.5 | P22: =IF(_xlfn.XLOOKUP($B22,'[1]Pivot Gioc'!$B:$B,'[1]Pivot Gioc'!$G:$G,"")=0,"",_xlfn.XLOOKUP($B22,'[1]Pivot Gioc'!$B:$B,'[1]Pivot Gioc'!$G:$G)) | Q22: =_xlfn.XLOOKUP(B22,[1]!Tabella4[nome],[1]!Tabella4[PRES]) -> #REF! | R22: =_xlfn.XLOOKUP(B22,[1]!Tabella4[nome],[1]!Tabella4[LEGA TIT]) -> #REF! | S22: =IF(_xlfn.XLOOKUP($B22,'[1]Pivot Gioc'!$B:$B,'[1]Pivot Gioc'!$S:$S)="0,00","",_xlfn.XLOOKUP($B22,'[1]Pivot Gioc'!$B:$B,'[1]Pivot Gioc'!$S:$S)) -> 6.578125 | T22: =IF(_xlfn.XLOOKUP($B22,'[1]Pivot Gioc'!$B:$B,'[1]Pivot Gioc'!$T:$T)=0,"",_xlfn.XLOOKUP($B22,'[1]Pivot Gioc'!$B:$B,'[1]Pivot Gioc'!$T:$T)) -> 210.5 | W22: Dimarco | X22: 7.7878788 | Y22: ATL IMPROVVISATO | AB22: Vlasic | AC22: 8 | AD22: PESCICULINI FC | AG22: Banda | AH22: 1 | AL22: #N/A | AM22: #N/A | AN22: #N/A | AQ22: Pinamonti | AR22: 1 | AS22: AC ASPARAGHESE
A23: C | B23: Moreo | C23: =_xlfn.IFNA(_xlfn.XLOOKUP(B23,'[1]ROSE SQUADRE'!$N:$N,'[1]ROSE SQUADRE'!$O:$O),"") -> AC ASPARAGHESE | D23: =_xlfn.XLOOKUP($B23,'[1]Pivot Gioc'!$B:$B,'[1]Pivot Gioc'!$Q:$Q,"") -> 7 | E23: =_xlfn.XLOOKUP($B23,'[1]Pivot Gioc'!$B:$B,'[1]Pivot Gioc'!$N:$N,"") -> 0 | F23: =_xlfn.XLOOKUP($B23,'[1]Pivot Gioc'!$B:$B,'[1]Pivot Gioc'!$J:$J,"") -> 2 | G23: =_xlfn.XLOOKUP($B23,'[1]Pivot Gioc'!$B:$B,'[1]Pivot Gioc'!$I:$I,"") -> 0 | H23: =_xlfn.XLOOKUP($B23,'[1]Pivot Gioc'!$B:$B,'[1]Pivot Gioc'!$H:$H,"") -> 0 | I23: =_xlfn.XLOOKUP($B23,'[1]Pivot Gioc'!$B:$B,'[1]Pivot Gioc'!$P:$P,"") -> 0 | J23: =_xlfn.XLOOKUP($B23,'[1]Pivot Gioc'!$B:$B,'[1]Pivot Gioc'!$L:$L,"") -> 2 | K23: =_xlfn.XLOOKUP($B23,'[1]Pivot Gioc'!$B:$B,'[1]Pivot Gioc'!$M:$M,"") -> 0 | L23: =_xlfn.XLOOKUP($B23,'[1]Pivot Gioc'!$B:$B,'[1]Pivot Gioc'!$K:$K,"") -> 0 | M23: =_xlfn.XLOOKUP($B23,'[1]Pivot Gioc'!$B:$B,'[1]Pivot Gioc'!$C:$C,"") -> 5.9848485 | N23: =_xlfn.XLOOKUP($B23,'[1]Pivot Gioc'!$B:$B,'[1]Pivot Gioc'!$D:$D,"") -> 6.5909091 | O23: =_xlfn.XLOOKUP($B23,'[1]Pivot Gioc'!$B:$B,'[1]Pivot Gioc'!$E:$E,"") -> 217.5 | P23: =IF(_xlfn.XLOOKUP($B23,'[1]Pivot Gioc'!$B:$B,'[1]Pivot Gioc'!$G:$G,"")=0,"",_xlfn.XLOOKUP($B23,'[1]Pivot Gioc'!$B:$B,'[1]Pivot Gioc'!$G:$G)) | Q23: =_xlfn.XLOOKUP(B23,[1]!Tabella4[nome],[1]!Tabella4[PRES]) -> #REF! | R23: =_xlfn.XLOOKUP(B23,[1]!Tabella4[nome],[1]!Tabella4[LEGA TIT]) -> #REF! | S23: =IF(_xlfn.XLOOKUP($B23,'[1]Pivot Gioc'!$B:$B,'[1]Pivot Gioc'!$S:$S)="0,00","",_xlfn.XLOOKUP($B23,'[1]Pivot Gioc'!$B:$B,'[1]Pivot Gioc'!$S:$S)) -> 5 | T23: =IF(_xlfn.XLOOKUP($B23,'[1]Pivot Gioc'!$B:$B,'[1]Pivot Gioc'!$T:$T)=0,"",_xlfn.XLOOKUP($B23,'[1]Pivot Gioc'!$B:$B,'[1]Pivot Gioc'!$T:$T)) -> 5 | W23: Hojlund | X23: 7.6212121 | Y23: SAN GRIA | AG23: Gudmundsson A. | AH23: 1 | AI23: APPAREGGIATO | AL23: #N/A | AM23: #N/A | AN23: #N/A | AQ23: Berardi | AR23: 1 | AS23: HERTHA VERNELLO
A24: C | B24: Dimarco | C24: =_xlfn.IFNA(_xlfn.XLOOKUP(B24,'[1]ROSE SQUADRE'!$N:$N,'[1]ROSE SQUADRE'!$O:$O),"") -> ATL IMPROVVISATO | D24: =_xlfn.XLOOKUP($B24,'[1]Pivot Gioc'!$B:$B,'[1]Pivot Gioc'!$Q:$Q,"") -> 7 | E24: =_xlfn.XLOOKUP($B24,'[1]Pivot Gioc'!$B:$B,'[1]Pivot Gioc'!$N:$N,"") -> 17 | F24: =_xlfn.XLOOKUP($B24,'[1]Pivot Gioc'!$B:$B,'[1]Pivot Gioc'!$J:$J,"") -> 0 | G24: =_xlfn.XLOOKUP($B24,'[1]Pivot Gioc'!$B:$B,'[1]Pivot Gioc'!$I:$I,"") -> 0 | H24: =_xlfn.XLOOKUP($B24,'[1]Pivot Gioc'!$B:$B,'[1]Pivot Gioc'!$H:$H,"") -> 0 | I24: =_xlfn.XLOOKUP($B24,'[1]Pivot Gioc'!$B:$B,'[1]Pivot Gioc'!$P:$P,"") -> 0 | J24: =_xlfn.XLOOKUP($B24,'[1]Pivot Gioc'!$B:$B,'[1]Pivot Gioc'!$L:$L,"") -> 3 | K24: =_xlfn.XLOOKUP($B24,'[1]Pivot Gioc'!$B:$B,'[1]Pivot Gioc'!$M:$M,"") -> 0 | L24: =_xlfn.XLOOKUP($B24,'[1]Pivot Gioc'!$B:$B,'[1]Pivot Gioc'!$K:$K,"") -> 0 | M24: =_xlfn.XLOOKUP($B24,'[1]Pivot Gioc'!$B:$B,'[1]Pivot Gioc'!$C:$C,"") -> 6.6212121 | N24: =_xlfn.XLOOKUP($B24,'[1]Pivot Gioc'!$B:$B,'[1]Pivot Gioc'!$D:$D,"") -> 7.7878788 | O24: =_xlfn.XLOOKUP($B24,'[1]Pivot Gioc'!$B:$B,'[1]Pivot Gioc'!$E:$E,"") -> 257 | P24: =IF(_xlfn.XLOOKUP($B24,'[1]Pivot Gioc'!$B:$B,'[1]Pivot Gioc'!$G:$G,"")=0,"",_xlfn.XLOOKUP($B24,'[1]Pivot Gioc'!$B:$B,'[1]Pivot Gioc'!$G:$G)) | Q24: =_xlfn.XLOOKUP(B24,[1]!Tabella4[nome],[1]!Tabella4[PRES]) -> #REF! | R24: =_xlfn.XLOOKUP(B24,[1]!Tabella4[nome],[1]!Tabella4[LEGA TIT]) -> #REF! | S24: =IF(_xlfn.XLOOKUP($B24,'[1]Pivot Gioc'!$B:$B,'[1]Pivot Gioc'!$S:$S)="0,00","",_xlfn.XLOOKUP($B24,'[1]Pivot Gioc'!$B:$B,'[1]Pivot Gioc'!$S:$S)) -> 7.828125 | T24: =IF(_xlfn.XLOOKUP($B24,'[1]Pivot Gioc'!$B:$B,'[1]Pivot Gioc'!$T:$T)=0,"",_xlfn.XLOOKUP($B24,'[1]Pivot Gioc'!$B:$B,'[1]Pivot Gioc'!$T:$T)) -> 250.5 | W24: Scamacca | X24: 7.6 | Y24: AC ASPARAGHESE | AB24: assist | AG24: Noslin | AH24: 1 | AL24: #N/A | AM24: #N/A | AN24: #N/A | AQ24: Colombo | AR24: 1 | AS24: SAN GRIA
B25: Vardy | C25: =_xlfn.IFNA(_xlfn.XLOOKUP(B25,'[1]ROSE SQUADRE'!$N:$N,'[1]ROSE SQUADRE'!$O:$O),"") -> ATL IMPROVVISATO | D25: =_xlfn.XLOOKUP($B25,'[1]Pivot Gioc'!$B:$B,'[1]Pivot Gioc'!$Q:$Q,"") -> 7 | E25: =_xlfn.XLOOKUP($B25,'[1]Pivot Gioc'!$B:$B,'[1]Pivot Gioc'!$N:$N,"") -> 1 | F25: =_xlfn.XLOOKUP($B25,'[1]Pivot Gioc'!$B:$B,'[1]Pivot Gioc'!$J:$J,"") -> 0 | G25: =_xlfn.XLOOKUP($B25,'[1]Pivot Gioc'!$B:$B,'[1]Pivot Gioc'!$I:$I,"") -> 0 | H25: =_xlfn.XLOOKUP($B25,'[1]Pivot Gioc'!$B:$B,'[1]Pivot Gioc'!$H:$H,"") -> 0 | I25: =_xlfn.XLOOKUP($B25,'[1]Pivot Gioc'!$B:$B,'[1]Pivot Gioc'!$P:$P,"") -> 0 | J25: =_xlfn.XLOOKUP($B25,'[1]Pivot Gioc'!$B:$B,'[1]Pivot Gioc'!$L:$L,"") -> 5 | K25: =_xlfn.XLOOKUP($B25,'[1]Pivot Gioc'!$B:$B,'[1]Pivot Gioc'!$M:$M,"") -> 0 | L25: =_xlfn.XLOOKUP($B25,'[1]Pivot Gioc'!$B:$B,'[1]Pivot Gioc'!$K:$K,"") -> 0 | M25: =_xlfn.XLOOKUP($B25,'[1]Pivot Gioc'!$B:$B,'[1]Pivot Gioc'!$C:$C,"") -> 5.9482759 | N25: =_xlfn.XLOOKUP($B25,'[1]Pivot Gioc'!$B:$B,'[1]Pivot Gioc'!$D:$D,"") -> 6.6896552 | O25: =_xlfn.XLOOKUP($B25,'[1]Pivot Gioc'!$B:$B,'[1]Pivot Gioc'!$E:$E,"") -> 194 | P25: =IF(_xlfn.XLOOKUP($B25,'[1]Pivot Gioc'!$B:$B,'[1]Pivot Gioc'!$G:$G,"")=0,"",_xlfn.XLOOKUP($B25,'[1]Pivot Gioc'!$B:$B,'[1]Pivot Gioc'!$G:$G)) | Q25: =_xlfn.XLOOKUP(B25,[1]!Tabella4[nome],[1]!Tabella4[PRES]) -> #REF! | R25: =_xlfn.XLOOKUP(B25,[1]!Tabella4[nome],[1]!Tabella4[LEGA TIT]) -> #REF! | S25: =IF(_xlfn.XLOOKUP($B25,'[1]Pivot Gioc'!$B:$B,'[1]Pivot Gioc'!$S:$S)="0,00","",_xlfn.XLOOKUP($B25,'[1]Pivot Gioc'!$B:$B,'[1]Pivot Gioc'!$S:$S)) -> 6.75 | T25: =IF(_xlfn.XLOOKUP($B25,'[1]Pivot Gioc'!$B:$B,'[1]Pivot Gioc'!$T:$T)=0,"",_xlfn.XLOOKUP($B25,'[1]Pivot Gioc'!$B:$B,'[1]Pivot Gioc'!$T:$T)) -> 162 | W25: Douvikas | X25: 7.5 | Y25: AC ASPARAGHESE | AB25: {=INDEX(_xlfn._xlws.SORT($B$3:$N$508,4,-1),_xlfn.SEQUENCE(10),1)} -> Dimarco | AC25: {=INDEX(_xlfn._xlws.SORT($B$3:$N$508,4,-1),_xlfn.SEQUENCE(10),4)} -> 17 | AD25: {=INDEX(_xlfn._xlws.SORT($B$3:$N$508,4,-1),_xlfn.SEQUENCE(10),2)} -> ATL IMPROVVISATO | AG25: Nzola | AH25: 1 | AL25: #N/A | AM25: #N/A | AN25: #N/A | AQ25: Pulisic | AR25: 1 | AS25: SESTO ASENSIO
A26: C | B26: Berardi | C26: =_xlfn.IFNA(_xlfn.XLOOKUP(B26,'[1]ROSE SQUADRE'!$N:$N,'[1]ROSE SQUADRE'!$O:$O),"") -> HERTHA VERNELLO | D26: =_xlfn.XLOOKUP($B26,'[1]Pivot Gioc'!$B:$B,'[1]Pivot Gioc'!$Q:$Q,"") -> 7 | E26: =_xlfn.XLOOKUP($B26,'[1]Pivot Gioc'!$B:$B,'[1]Pivot Gioc'!$N:$N,"") -> 4 | F26: =_xlfn.XLOOKUP($B26,'[1]Pivot Gioc'!$B:$B,'[1]Pivot Gioc'!$J:$J,"") -> 1 | G26: =_xlfn.XLOOKUP($B26,'[1]Pivot Gioc'!$B:$B,'[1]Pivot Gioc'!$I:$I,"") -> 1 | H26: =_xlfn.XLOOKUP($B26,'[1]Pivot Gioc'!$B:$B,'[1]Pivot Gioc'!$H:$H,"") -> 0 | I26: =_xlfn.XLOOKUP($B26,'[1]Pivot Gioc'!$B:$B,'[1]Pivot Gioc'!$P:$P,"") -> 0 | J26: =_xlfn.XLOOKUP($B26,'[1]Pivot Gioc'!$B:$B,'[1]Pivot Gioc'!$L:$L,"") -> 1 | K26: =_xlfn.XLOOKUP($B26,'[1]Pivot Gioc'!$B:$B,'[1]Pivot Gioc'!$M:$M,"") -> 1 | L26: =_xlfn.XLOOKUP($B26,'[1]Pivot Gioc'!$B:$B,'[1]Pivot Gioc'!$K:$K,"") -> 0 | M26: =_xlfn.XLOOKUP($B26,'[1]Pivot Gioc'!$B:$B,'[1]Pivot Gioc'!$C:$C,"") -> 6.2916667 | N26: =_xlfn.XLOOKUP($B26,'[1]Pivot Gioc'!$B:$B,'[1]Pivot Gioc'!$D:$D,"") -> 7.2291667 | O26: =_xlfn.XLOOKUP($B26,'[1]Pivot Gioc'!$B:$B,'[1]Pivot Gioc'!$E:$E,"") -> 173.5 | P26: =IF(_xlfn.XLOOKUP($B26,'[1]Pivot Gioc'!$B:$B,'[1]Pivot Gioc'!$G:$G,"")=0,"",_xlfn.XLOOKUP($B26,'[1]Pivot Gioc'!$B:$B,'[1]Pivot Gioc'!$G:$G)) | Q26: =_xlfn.XLOOKUP(B26,[1]!Tabella4[nome],[1]!Tabella4[PRES]) -> #REF! | R26: =_xlfn.XLOOKUP(B26,[1]!Tabella4[nome],[1]!Tabella4[LEGA TIT]) -> #REF! | S26: =IF(_xlfn.XLOOKUP($B26,'[1]Pivot Gioc'!$B:$B,'[1]Pivot Gioc'!$S:$S)="0,00","",_xlfn.XLOOKUP($B26,'[1]Pivot Gioc'!$B:$B,'[1]Pivot Gioc'!$S:$S)) -> 7.1086957 | T26: =IF(_xlfn.XLOOKUP($B26,'[1]Pivot Gioc'!$B:$B,'[1]Pivot Gioc'!$T:$T)=0,"",_xlfn.XLOOKUP($B26,'[1]Pivot Gioc'!$B:$B,'[1]Pivot Gioc'!$T:$T)) -> 163.5 | AB26: Laurientè | AC26: 9 | AD26: PESCICULINI FC
A27: D | B27: Esposito Se. | C27: =_xlfn.IFNA(_xlfn.XLOOKUP(B27,'[1]ROSE SQUADRE'!$N:$N,'[1]ROSE SQUADRE'!$O:$O),"") -> HERTHA VERNELLO | D27: =_xlfn.XLOOKUP($B27,'[1]Pivot Gioc'!$B:$B,'[1]Pivot Gioc'!$Q:$Q,"") -> 7 | E27: =_xlfn.XLOOKUP($B27,'[1]Pivot Gioc'!$B:$B,'[1]Pivot Gioc'!$N:$N,"") -> 4 | F27: =_xlfn.XLOOKUP($B27,'[1]Pivot Gioc'!$B:$B,'[1]Pivot Gioc'!$J:$J,"") -> 1 | G27: =_xlfn.XLOOKUP($B27,'[1]Pivot Gioc'!$B:$B,'[1]Pivot Gioc'!$I:$I,"") -> 0 | H27: =_xlfn.XLOOKUP($B27,'[1]Pivot Gioc'!$B:$B,'[1]Pivot Gioc'!$H:$H,"") -> 0 | I27: =_xlfn.XLOOKUP($B27,'[1]Pivot Gioc'!$B:$B,'[1]Pivot Gioc'!$P:$P,"") -> 0 | J27: =_xlfn.XLOOKUP($B27,'[1]Pivot Gioc'!$B:$B,'[1]Pivot Gioc'!$L:$L,"") -> 6 | K27: =_xlfn.XLOOKUP($B27,'[1]Pivot Gioc'!$B:$B,'[1]Pivot Gioc'!$M:$M,"") -> 0 | L27: =_xlfn.XLOOKUP($B27,'[1]Pivot Gioc'!$B:$B,'[1]Pivot Gioc'!$K:$K,"") -> 0 | M27: =_xlfn.XLOOKUP($B27,'[1]Pivot Gioc'!$B:$B,'[1]Pivot Gioc'!$C:$C,"") -> 6.2794118 | N27: =_xlfn.XLOOKUP($B27,'[1]Pivot Gioc'!$B:$B,'[1]Pivot Gioc'!$D:$D,"") -> 6.9558824 | O27: =_xlfn.XLOOKUP($B27,'[1]Pivot Gioc'!$B:$B,'[1]Pivot Gioc'!$E:$E,"") -> 236.5 | P27: =IF(_xlfn.XLOOKUP($B27,'[1]Pivot Gioc'!$B:$B,'[1]Pivot Gioc'!$G:$G,"")=0,"",_xlfn.XLOOKUP($B27,'[1]Pivot Gioc'!$B:$B,'[1]Pivot Gioc'!$G:$G)) | Q27: =_xlfn.XLOOKUP(B27,[1]!Tabella4[nome],[1]!Tabella4[PRES]) -> #REF! | R27: =_xlfn.XLOOKUP(B27,[1]!Tabella4[nome],[1]!Tabella4[LEGA TIT]) -> #REF! | S27: =IF(_xlfn.XLOOKUP($B27,'[1]Pivot Gioc'!$B:$B,'[1]Pivot Gioc'!$S:$S)="0,00","",_xlfn.XLOOKUP($B27,'[1]Pivot Gioc'!$B:$B,'[1]Pivot Gioc'!$S:$S)) -> 7.3 | T27: =IF(_xlfn.XLOOKUP($B27,'[1]Pivot Gioc'!$B:$B,'[1]Pivot Gioc'!$T:$T)=0,"",_xlfn.XLOOKUP($B27,'[1]Pivot Gioc'!$B:$B,'[1]Pivot Gioc'!$T:$T)) -> 73 | AB27: Barella | AC27: 8 | AD27: PESCICULINI FC
B28: Nkunku | C28: =_xlfn.IFNA(_xlfn.XLOOKUP(B28,'[1]ROSE SQUADRE'!$N:$N,'[1]ROSE SQUADRE'!$O:$O),"") -> PARTIZAN DEGRADO | D28: =_xlfn.XLOOKUP($B28,'[1]Pivot Gioc'!$B:$B,'[1]Pivot Gioc'!$Q:$Q,"") -> 7 | E28: =_xlfn.XLOOKUP($B28,'[1]Pivot Gioc'!$B:$B,'[1]Pivot Gioc'!$N:$N,"") -> 3 | F28: =_xlfn.XLOOKUP($B28,'[1]Pivot Gioc'!$B:$B,'[1]Pivot Gioc'!$J:$J,"") -> 5 | G28: =_xlfn.XLOOKUP($B28,'[1]Pivot Gioc'!$B:$B,'[1]Pivot Gioc'!$I:$I,"") -> 0 | H28: =_xlfn.XLOOKUP($B28,'[1]Pivot Gioc'!$B:$B,'[1]Pivot Gioc'!$H:$H,"") -> 0 | I28: =_xlfn.XLOOKUP($B28,'[1]Pivot Gioc'!$B:$B,'[1]Pivot Gioc'!$P:$P,"") -> 0 | J28: =_xlfn.XLOOKUP($B28,'[1]Pivot Gioc'!$B:$B,'[1]Pivot Gioc'!$L:$L,"") -> 0 | K28: =_xlfn.XLOOKUP($B28,'[1]Pivot Gioc'!$B:$B,'[1]Pivot Gioc'!$M:$M,"") -> 0 | L28: =_xlfn.XLOOKUP($B28,'[1]Pivot Gioc'!$B:$B,'[1]Pivot Gioc'!$K:$K,"") -> 0 | M28: =_xlfn.XLOOKUP($B28,'[1]Pivot Gioc'!$B:$B,'[1]Pivot Gioc'!$C:$C,"") -> 5.9423077 | N28: =_xlfn.XLOOKUP($B28,'[1]Pivot Gioc'!$B:$B,'[1]Pivot Gioc'!$D:$D,"") -> 6.8653846 | O28: =_xlfn.XLOOKUP($B28,'[1]Pivot Gioc'!$B:$B,'[1]Pivot Gioc'!$E:$E,"") -> 178.5 | P28: =IF(_xlfn.XLOOKUP($B28,'[1]Pivot Gioc'!$B:$B,'[1]Pivot Gioc'!$G:$G,"")=0,"",_xlfn.XLOOKUP($B28,'[1]Pivot Gioc'!$B:$B,'[1]Pivot Gioc'!$G:$G)) | Q28: =_xlfn.XLOOKUP(B28,[1]!Tabella4[nome],[1]!Tabella4[PRES]) -> #REF! | R28: =_xlfn.XLOOKUP(B28,[1]!Tabella4[nome],[1]!Tabella4[LEGA TIT]) -> #REF! | S28: =IF(_xlfn.XLOOKUP($B28,'[1]Pivot Gioc'!$B:$B,'[1]Pivot Gioc'!$S:$S)="0,00","",_xlfn.XLOOKUP($B28,'[1]Pivot Gioc'!$B:$B,'[1]Pivot Gioc'!$S:$S)) -> 8.7 | T28: =IF(_xlfn.XLOOKUP($B28,'[1]Pivot Gioc'!$B:$B,'[1]Pivot Gioc'!$T:$T)=0,"",_xlfn.XLOOKUP($B28,'[1]Pivot Gioc'!$B:$B,'[1]Pivot Gioc'!$T:$T)) -> 43.5 | AB28: RodrIguez Je. | AC28: 8 | AD28: SESTO ASENSIO | AL28: GOL SUBITI
A29: D | B29: Esposito F.P. | C29: =_xlfn.IFNA(_xlfn.XLOOKUP(B29,'[1]ROSE SQUADRE'!$N:$N,'[1]ROSE SQUADRE'!$O:$O),"") -> PESCICULINI FC | D29: =_xlfn.XLOOKUP($B29,'[1]Pivot Gioc'!$B:$B,'[1]Pivot Gioc'!$Q:$Q,"") -> 7 | E29: =_xlfn.XLOOKUP($B29,'[1]Pivot Gioc'!$B:$B,'[1]Pivot Gioc'!$N:$N,"") -> 3 | F29: =_xlfn.XLOOKUP($B29,'[1]Pivot Gioc'!$B:$B,'[1]Pivot Gioc'!$J:$J,"") -> 0 | G29: =_xlfn.XLOOKUP($B29,'[1]Pivot Gioc'!$B:$B,'[1]Pivot Gioc'!$I:$I,"") -> 0 | H29: =_xlfn.XLOOKUP($B29,'[1]Pivot Gioc'!$B:$B,'[1]Pivot Gioc'!$H:$H,"") -> 0 | I29: =_xlfn.XLOOKUP($B29,'[1]Pivot Gioc'!$B:$B,'[1]Pivot Gioc'!$P:$P,"") -> 0 | J29: =_xlfn.XLOOKUP($B29,'[1]Pivot Gioc'!$B:$B,'[1]Pivot Gioc'!$L:$L,"") -> 1 | K29: =_xlfn.XLOOKUP($B29,'[1]Pivot Gioc'!$B:$B,'[1]Pivot Gioc'!$M:$M,"") -> 0 | L29: =_xlfn.XLOOKUP($B29,'[1]Pivot Gioc'!$B:$B,'[1]Pivot Gioc'!$K:$K,"") -> 0 | M29: =_xlfn.XLOOKUP($B29,'[1]Pivot Gioc'!$B:$B,'[1]Pivot Gioc'!$C:$C,"") -> 6.2666667 | N29: =_xlfn.XLOOKUP($B29,'[1]Pivot Gioc'!$B:$B,'[1]Pivot Gioc'!$D:$D,"") -> 7.1166667 | O29: =_xlfn.XLOOKUP($B29,'[1]Pivot Gioc'!$B:$B,'[1]Pivot Gioc'!$E:$E,"") -> 213.5 | P29: =IF(_xlfn.XLOOKUP($B29,'[1]Pivot Gioc'!$B:$B,'[1]Pivot Gioc'!$G:$G,"")=0,"",_xlfn.XLOOKUP($B29,'[1]Pivot Gioc'!$B:$B,'[1]Pivot Gioc'!$G:$G)) | Q29: =_xlfn.XLOOKUP(B29,[1]!Tabella4[nome],[1]!Tabella4[PRES]) -> #REF! | R29: =_xlfn.XLOOKUP(B29,[1]!Tabella4[nome],[1]!Tabella4[LEGA TIT]) -> #REF! | S29: =IF(_xlfn.XLOOKUP($B29,'[1]Pivot Gioc'!$B:$B,'[1]Pivot Gioc'!$S:$S)="0,00","",_xlfn.XLOOKUP($B29,'[1]Pivot Gioc'!$B:$B,'[1]Pivot Gioc'!$S:$S)) -> 7.25 | T29: =IF(_xlfn.XLOOKUP($B29,'[1]Pivot Gioc'!$B:$B,'[1]Pivot Gioc'!$T:$T)=0,"",_xlfn.XLOOKUP($B29,'[1]Pivot Gioc'!$B:$B,'[1]Pivot Gioc'!$T:$T)) -> 130.5 | AB29: Dybala | AC29: 7 | AD29: ATL IMPROVVISATO | AL29: {=INDEX(_xlfn._xlws.SORT(_xlfn._xlws.FILTER($B$3:$P$508,($A$3:$A$508="p")*($P$3:$P$508<>"")),14,-1),_xlfn.SEQUENCE(10),1)} -> #N/A | AM29: {=INDEX(_xlfn._xlws.SORT(_xlfn._xlws.FILTER($B$3:$P$508,($A$3:$A$508="p")*($P$3:$P$508<>"")),14,-1),_xlfn.SEQUENCE(10),14)} -> #N/A | AN29: {=INDEX(_xlfn._xlws.SORT(_xlfn._xlws.FILTER($B$3:$P$508,($A$3:$A$508="p")*($P$3:$P$508<>"")),14,-1),_xlfn.SEQUENCE(10),2)} -> #N/A
A30: C | B30: Laurientè | C30: =_xlfn.IFNA(_xlfn.XLOOKUP(B30,'[1]ROSE SQUADRE'!$N:$N,'[1]ROSE SQUADRE'!$O:$O),"") -> PESCICULINI FC | D30: =_xlfn.XLOOKUP($B30,'[1]Pivot Gioc'!$B:$B,'[1]Pivot Gioc'!$Q:$Q,"") -> 7 | E30: =_xlfn.XLOOKUP($B30,'[1]Pivot Gioc'!$B:$B,'[1]Pivot Gioc'!$N:$N,"") -> 9 | F30: =_xlfn.XLOOKUP($B30,'[1]Pivot Gioc'!$B:$B,'[1]Pivot Gioc'!$J:$J,"") -> 0 | G30: =_xlfn.XLOOKUP($B30,'[1]Pivot Gioc'!$B:$B,'[1]Pivot Gioc'!$I:$I,"") -> 0 | H30: =_xlfn.XLOOKUP($B30,'[1]Pivot Gioc'!$B:$B,'[1]Pivot Gioc'!$H:$H,"") -> 0 | I30: =_xlfn.XLOOKUP($B30,'[1]Pivot Gioc'!$B:$B,'[1]Pivot Gioc'!$P:$P,"") -> 0 | J30: =_xlfn.XLOOKUP($B30,'[1]Pivot Gioc'!$B:$B,'[1]Pivot Gioc'!$L:$L,"") -> 4 | K30: =_xlfn.XLOOKUP($B30,'[1]Pivot Gioc'!$B:$B,'[1]Pivot Gioc'!$M:$M,"") -> 0 | L30: =_xlfn.XLOOKUP($B30,'[1]Pivot Gioc'!$B:$B,'[1]Pivot Gioc'!$K:$K,"") -> 0 | M30: =_xlfn.XLOOKUP($B30,'[1]Pivot Gioc'!$B:$B,'[1]Pivot Gioc'!$C:$C,"") -> 6.2714286 | N30: =_xlfn.XLOOKUP($B30,'[1]Pivot Gioc'!$B:$B,'[1]Pivot Gioc'!$D:$D,"") -> 7.0714286 | O30: =_xlfn.XLOOKUP($B30,'[1]Pivot Gioc'!$B:$B,'[1]Pivot Gioc'!$E:$E,"") -> 247.5 | P30: =IF(_xlfn.XLOOKUP($B30,'[1]Pivot Gioc'!$B:$B,'[1]Pivot Gioc'!$G:$G,"")=0,"",_xlfn.XLOOKUP($B30,'[1]Pivot Gioc'!$B:$B,'[1]Pivot Gioc'!$G:$G)) | Q30: =_xlfn.XLOOKUP(B30,[1]!Tabella4[nome],[1]!Tabella4[PRES]) -> #REF! | R30: =_xlfn.XLOOKUP($B30,[1]!Tabella4[nome],[1]!Tabella4[LEGA TIT]) -> #REF! | S30: =IF(_xlfn.XLOOKUP($B30,'[1]Pivot Gioc'!$B:$B,'[1]Pivot Gioc'!$S:$S)="0,00","",_xlfn.XLOOKUP($B30,'[1]Pivot Gioc'!$B:$B,'[1]Pivot Gioc'!$S:$S)) -> 6.85 | T30: =IF(_xlfn.XLOOKUP($B30,'[1]Pivot Gioc'!$B:$B,'[1]Pivot Gioc'!$T:$T)=0,"",_xlfn.XLOOKUP($B30,'[1]Pivot Gioc'!$B:$B,'[1]Pivot Gioc'!$T:$T)) -> 137 | AB30: McKennie | AC30: 6 | AD30: APPAREGGIATO | AL30: #N/A | AM30: #N/A | AN30: #N/A
A31: A | B31: Colombo | C31: =_xlfn.IFNA(_xlfn.XLOOKUP(B31,'[1]ROSE SQUADRE'!$N:$N,'[1]ROSE SQUADRE'!$O:$O),"") -> SAN GRIA | D31: =_xlfn.XLOOKUP($B31,'[1]Pivot Gioc'!$B:$B,'[1]Pivot Gioc'!$Q:$Q,"") -> 7 | E31: =_xlfn.XLOOKUP($B31,'[1]Pivot Gioc'!$B:$B,'[1]Pivot Gioc'!$N:$N,"") -> 1 | F31: =_xlfn.XLOOKUP($B31,'[1]Pivot Gioc'!$B:$B,'[1]Pivot Gioc'!$J:$J,"") -> 1 | G31: =_xlfn.XLOOKUP($B31,'[1]Pivot Gioc'!$B:$B,'[1]Pivot Gioc'!$I:$I,"") -> 1 | H31: =_xlfn.XLOOKUP($B31,'[1]Pivot Gioc'!$B:$B,'[1]Pivot Gioc'!$H:$H,"") -> 0 | I31: =_xlfn.XLOOKUP($B31,'[1]Pivot Gioc'!$B:$B,'[1]Pivot Gioc'!$P:$P,"") -> 0 | J31: =_xlfn.XLOOKUP($B31,'[1]Pivot Gioc'!$B:$B,'[1]Pivot Gioc'!$L:$L,"") -> 2 | K31: =_xlfn.XLOOKUP($B31,'[1]Pivot Gioc'!$B:$B,'[1]Pivot Gioc'!$M:$M,"") -> 0 | L31: =_xlfn.XLOOKUP($B31,'[1]Pivot Gioc'!$B:$B,'[1]Pivot Gioc'!$K:$K,"") -> 0 | M31: =_xlfn.XLOOKUP($B31,'[1]Pivot Gioc'!$B:$B,'[1]Pivot Gioc'!$C:$C,"") -> 5.9571429 | N31: =_xlfn.XLOOKUP($B31,'[1]Pivot Gioc'!$B:$B,'[1]Pivot Gioc'!$D:$D,"") -> 6.5285714 | O31: =_xlfn.XLOOKUP($B31,'[1]Pivot Gioc'!$B:$B,'[1]Pivot Gioc'!$E:$E,"") -> 228.5 | P31: =IF(_xlfn.XLOOKUP($B31,'[1]Pivot Gioc'!$B:$B,'[1]Pivot Gioc'!$G:$G,"")=0,"",_xlfn.XLOOKUP($B31,'[1]Pivot Gioc'!$B:$B,'[1]Pivot Gioc'!$G:$G)) | Q31: =_xlfn.XLOOKUP(B31,[1]!Tabella4[nome],[1]!Tabella4[PRES]) -> #REF! | R31: =_xlfn.XLOOKUP(B31,[1]!Tabella4[nome],[1]!Tabella4[LEGA TIT]) -> #REF! | S31: =IF(_xlfn.XLOOKUP($B31,'[1]Pivot Gioc'!$B:$B,'[1]Pivot Gioc'!$S:$S)="0,00","",_xlfn.XLOOKUP($B31,'[1]Pivot Gioc'!$B:$B,'[1]Pivot Gioc'!$S:$S)) -> 6.52 | T31: =IF(_xlfn.XLOOKUP($B31,'[1]Pivot Gioc'!$B:$B,'[1]Pivot Gioc'!$T:$T)=0,"",_xlfn.XLOOKUP($B31,'[1]Pivot Gioc'!$B:$B,'[1]Pivot Gioc'!$T:$T)) -> 163 | AB31: Martinez L. | AC31: 5 | AD31: HERTHA VERNELLO | AL31: #N/A | AM31: #N/A | AN31: #N/A
A32: D | B32: Castro S. | C32: =_xlfn.IFNA(_xlfn.XLOOKUP(B32,'[1]ROSE SQUADRE'!$N:$N,'[1]ROSE SQUADRE'!$O:$O),"") -> SESTO ASENSIO | D32: =_xlfn.XLOOKUP($B32,'[1]Pivot Gioc'!$B:$B,'[1]Pivot Gioc'!$Q:$Q,"") -> 7 | E32: =_xlfn.XLOOKUP($B32,'[1]Pivot Gioc'!$B:$B,'[1]Pivot Gioc'!$N:$N,"") -> 0 | F32: =_xlfn.XLOOKUP($B32,'[1]Pivot Gioc'!$B:$B,'[1]Pivot Gioc'!$J:$J,"") -> 0 | G32: =_xlfn.XLOOKUP($B32,'[1]Pivot Gioc'!$B:$B,'[1]Pivot Gioc'!$I:$I,"") -> 0 | H32: =_xlfn.XLOOKUP($B32,'[1]Pivot Gioc'!$B:$B,'[1]Pivot Gioc'!$H:$H,"") -> 0 | I32: =_xlfn.XLOOKUP($B32,'[1]Pivot Gioc'!$B:$B,'[1]Pivot Gioc'!$P:$P,"") -> 0 | J32: =_xlfn.XLOOKUP($B32,'[1]Pivot Gioc'!$B:$B,'[1]Pivot Gioc'!$L:$L,"") -> 3 | K32: =_xlfn.XLOOKUP($B32,'[1]Pivot Gioc'!$B:$B,'[1]Pivot Gioc'!$M:$M,"") -> 0 | L32: =_xlfn.XLOOKUP($B32,'[1]Pivot Gioc'!$B:$B,'[1]Pivot Gioc'!$K:$K,"") -> 0 | M32: =_xlfn.XLOOKUP($B32,'[1]Pivot Gioc'!$B:$B,'[1]Pivot Gioc'!$C:$C,"") -> 5.8939394 | N32: =_xlfn.XLOOKUP($B32,'[1]Pivot Gioc'!$B:$B,'[1]Pivot Gioc'!$D:$D,"") -> 6.5757576 | O32: =_xlfn.XLOOKUP($B32,'[1]Pivot Gioc'!$B:$B,'[1]Pivot Gioc'!$E:$E,"") -> 217 | P32: =IF(_xlfn.XLOOKUP($B32,'[1]Pivot Gioc'!$B:$B,'[1]Pivot Gioc'!$G:$G,"")=0,"",_xlfn.XLOOKUP($B32,'[1]Pivot Gioc'!$B:$B,'[1]Pivot Gioc'!$G:$G)) | Q32: =_xlfn.XLOOKUP(B32,[1]!Tabella4[nome],[1]!Tabella4[PRES]) -> #REF! | R32: =_xlfn.XLOOKUP(B32,[1]!Tabella4[nome],[1]!Tabella4[LEGA TIT]) -> #REF! | S32: =IF(_xlfn.XLOOKUP($B32,'[1]Pivot Gioc'!$B:$B,'[1]Pivot Gioc'!$S:$S)="0,00","",_xlfn.XLOOKUP($B32,'[1]Pivot Gioc'!$B:$B,'[1]Pivot Gioc'!$S:$S)) -> 6.7166667 | T32: =IF(_xlfn.XLOOKUP($B32,'[1]Pivot Gioc'!$B:$B,'[1]Pivot Gioc'!$T:$T)=0,"",_xlfn.XLOOKUP($B32,'[1]Pivot Gioc'!$B:$B,'[1]Pivot Gioc'!$T:$T)) -> 201.5 | AB32: Hojlund | AC32: 5 | AD32: SAN GRIA | AL32: #N/A | AM32: #N/A | AN32: #N/A
B33: Orban G. | C33: =_xlfn.IFNA(_xlfn.XLOOKUP(B33,'[1]ROSE SQUADRE'!$N:$N,'[1]ROSE SQUADRE'!$O:$O),"") -> SESTO ASENSIO | D33: =_xlfn.XLOOKUP($B33,'[1]Pivot Gioc'!$B:$B,'[1]Pivot Gioc'!$Q:$Q,"") -> 7 | E33: =_xlfn.XLOOKUP($B33,'[1]Pivot Gioc'!$B:$B,'[1]Pivot Gioc'!$N:$N,"") -> 2 | F33: =_xlfn.XLOOKUP($B33,'[1]Pivot Gioc'!$B:$B,'[1]Pivot Gioc'!$J:$J,"") -> 2 | G33: =_xlfn.XLOOKUP($B33,'[1]Pivot Gioc'!$B:$B,'[1]Pivot Gioc'!$I:$I,"") -> 0 | H33: =_xlfn.XLOOKUP($B33,'[1]Pivot Gioc'!$B:$B,'[1]Pivot Gioc'!$H:$H,"") -> 0 | I33: =_xlfn.XLOOKUP($B33,'[1]Pivot Gioc'!$B:$B,'[1]Pivot Gioc'!$P:$P,"") -> 0 | J33: =_xlfn.XLOOKUP($B33,'[1]Pivot Gioc'!$B:$B,'[1]Pivot Gioc'!$L:$L,"") -> 4 | K33: =_xlfn.XLOOKUP($B33,'[1]Pivot Gioc'!$B:$B,'[1]Pivot Gioc'!$M:$M,"") -> 1 | L33: =_xlfn.XLOOKUP($B33,'[1]Pivot Gioc'!$B:$B,'[1]Pivot Gioc'!$K:$K,"") -> 0 | M33: =_xlfn.XLOOKUP($B33,'[1]Pivot Gioc'!$B:$B,'[1]Pivot Gioc'!$C:$C,"") -> 5.8214286 | N33: =_xlfn.XLOOKUP($B33,'[1]Pivot Gioc'!$B:$B,'[1]Pivot Gioc'!$D:$D,"") -> 6.5714286 | O33: =_xlfn.XLOOKUP($B33,'[1]Pivot Gioc'!$B:$B,'[1]Pivot Gioc'!$E:$E,"") -> 184 | P33: =IF(_xlfn.XLOOKUP($B33,'[1]Pivot Gioc'!$B:$B,'[1]Pivot Gioc'!$G:$G,"")=0,"",_xlfn.XLOOKUP($B33,'[1]Pivot Gioc'!$B:$B,'[1]Pivot Gioc'!$G:$G)) | Q33: =_xlfn.XLOOKUP(B33,[1]!Tabella4[nome],[1]!Tabella4[PRES]) -> #REF! | R33: =_xlfn.XLOOKUP(B33,[1]!Tabella4[nome],[1]!Tabella4[LEGA TIT]) -> #REF! | S33: =IF(_xlfn.XLOOKUP($B33,'[1]Pivot Gioc'!$B:$B,'[1]Pivot Gioc'!$S:$S)="0,00","",_xlfn.XLOOKUP($B33,'[1]Pivot Gioc'!$B:$B,'[1]Pivot Gioc'!$S:$S)) -> 4.6666667 | T33: =IF(_xlfn.XLOOKUP($B33,'[1]Pivot Gioc'!$B:$B,'[1]Pivot Gioc'!$T:$T)=0,"",_xlfn.XLOOKUP($B33,'[1]Pivot Gioc'!$B:$B,'[1]Pivot Gioc'!$T:$T)) -> 14 | AB33: Thuram | AC33: 5 | AD33: PESCICULINI FC | AL33: #N/A | AM33: #N/A | AN33: #N/A
B34: Pulisic | C34: =_xlfn.IFNA(_xlfn.XLOOKUP(B34,'[1]ROSE SQUADRE'!$N:$N,'[1]ROSE SQUADRE'!$O:$O),"") -> SESTO ASENSIO | D34: =_xlfn.XLOOKUP($B34,'[1]Pivot Gioc'!$B:$B,'[1]Pivot Gioc'!$Q:$Q,"") -> 7 | E34: =_xlfn.XLOOKUP($B34,'[1]Pivot Gioc'!$B:$B,'[1]Pivot Gioc'!$N:$N,"") -> 4 | F34: =_xlfn.XLOOKUP($B34,'[1]Pivot Gioc'!$B:$B,'[1]Pivot Gioc'!$J:$J,"") -> 0 | G34: =_xlfn.XLOOKUP($B34,'[1]Pivot Gioc'!$B:$B,'[1]Pivot Gioc'!$I:$I,"") -> 1 | H34: =_xlfn.XLOOKUP($B34,'[1]Pivot Gioc'!$B:$B,'[1]Pivot Gioc'!$H:$H,"") -> 0 | I34: =_xlfn.XLOOKUP($B34,'[1]Pivot Gioc'!$B:$B,'[1]Pivot Gioc'!$P:$P,"") -> 0 | J34: =_xlfn.XLOOKUP($B34,'[1]Pivot Gioc'!$B:$B,'[1]Pivot Gioc'!$L:$L,"") -> 0 | K34: =_xlfn.XLOOKUP($B34,'[1]Pivot Gioc'!$B:$B,'[1]Pivot Gioc'!$M:$M,"") -> 0 | L34: =_xlfn.XLOOKUP($B34,'[1]Pivot Gioc'!$B:$B,'[1]Pivot Gioc'!$K:$K,"") -> 0 | M34: =_xlfn.XLOOKUP($B34,'[1]Pivot Gioc'!$B:$B,'[1]Pivot Gioc'!$C:$C,"") -> 6.12 | N34: =_xlfn.XLOOKUP($B34,'[1]Pivot Gioc'!$B:$B,'[1]Pivot Gioc'!$D:$D,"") -> 7.2 | O34: =_xlfn.XLOOKUP($B34,'[1]Pivot Gioc'!$B:$B,'[1]Pivot Gioc'!$E:$E,"") -> 180 | P34: =IF(_xlfn.XLOOKUP($B34,'[1]Pivot Gioc'!$B:$B,'[1]Pivot Gioc'!$G:$G,"")=0,"",_xlfn.XLOOKUP($B34,'[1]Pivot Gioc'!$B:$B,'[1]Pivot Gioc'!$G:$G)) | Q34: =_xlfn.XLOOKUP(B34,[1]!Tabella4[nome],[1]!Tabella4[PRES]) -> #REF! | R34: =_xlfn.XLOOKUP(B34,[1]!Tabella4[nome],[1]!Tabella4[LEGA TIT]) -> #REF! | S34: =IF(_xlfn.XLOOKUP($B34,'[1]Pivot Gioc'!$B:$B,'[1]Pivot Gioc'!$S:$S)="0,00","",_xlfn.XLOOKUP($B34,'[1]Pivot Gioc'!$B:$B,'[1]Pivot Gioc'!$S:$S)) -> 7.2916667 | T34: =IF(_xlfn.XLOOKUP($B34,'[1]Pivot Gioc'!$B:$B,'[1]Pivot Gioc'!$T:$T)=0,"",_xlfn.XLOOKUP($B34,'[1]Pivot Gioc'!$B:$B,'[1]Pivot Gioc'!$T:$T)) -> 175 | AB34: Zaniolo | AC34: 5 | AD34: APPAREGGIATO | AL34: #N/A | AM34: #N/A | AN34: #N/A
B35: Casadei | C35: =_xlfn.IFNA(_xlfn.XLOOKUP(B35,'[1]ROSE SQUADRE'!$N:$N,'[1]ROSE SQUADRE'!$O:$O),"") | D35: =_xlfn.XLOOKUP($B35,'[1]Pivot Gioc'!$B:$B,'[1]Pivot Gioc'!$Q:$Q,"") -> 6 | E35: =_xlfn.XLOOKUP($B35,'[1]Pivot Gioc'!$B:$B,'[1]Pivot Gioc'!$N:$N,"") -> 0 | F35: =_xlfn.XLOOKUP($B35,'[1]Pivot Gioc'!$B:$B,'[1]Pivot Gioc'!$J:$J,"") -> 0 | G35: =_xlfn.XLOOKUP($B35,'[1]Pivot Gioc'!$B:$B,'[1]Pivot Gioc'!$I:$I,"") -> 0 | H35: =_xlfn.XLOOKUP($B35,'[1]Pivot Gioc'!$B:$B,'[1]Pivot Gioc'!$H:$H,"") -> 0 | I35: =_xlfn.XLOOKUP($B35,'[1]Pivot Gioc'!$B:$B,'[1]Pivot Gioc'!$P:$P,"") -> 0 | J35: =_xlfn.XLOOKUP($B35,'[1]Pivot Gioc'!$B:$B,'[1]Pivot Gioc'!$L:$L,"") -> 5 | K35: =_xlfn.XLOOKUP($B35,'[1]Pivot Gioc'!$B:$B,'[1]Pivot Gioc'!$M:$M,"") -> 0 | L35: =_xlfn.XLOOKUP($B35,'[1]Pivot Gioc'!$B:$B,'[1]Pivot Gioc'!$K:$K,"") -> 0 | M35: =_xlfn.XLOOKUP($B35,'[1]Pivot Gioc'!$B:$B,'[1]Pivot Gioc'!$C:$C,"") -> 5.9666667 | N35: =_xlfn.XLOOKUP($B35,'[1]Pivot Gioc'!$B:$B,'[1]Pivot Gioc'!$D:$D,"") -> 6.5166667 | O35: =_xlfn.XLOOKUP($B35,'[1]Pivot Gioc'!$B:$B,'[1]Pivot Gioc'!$E:$E,"") -> 195.5 | P35: =IF(_xlfn.XLOOKUP($B35,'[1]Pivot Gioc'!$B:$B,'[1]Pivot Gioc'!$G:$G,"")=0,"",_xlfn.XLOOKUP($B35,'[1]Pivot Gioc'!$B:$B,'[1]Pivot Gioc'!$G:$G)) | Q35: =_xlfn.XLOOKUP(B35,[1]!Tabella4[nome],[1]!Tabella4[PRES]) -> #REF! | R35: =_xlfn.XLOOKUP(B35,[1]!Tabella4[nome],[1]!Tabella4[LEGA TIT]) -> #REF! | S35: =IF(_xlfn.XLOOKUP($B35,'[1]Pivot Gioc'!$B:$B,'[1]Pivot Gioc'!$S:$S)="0,00","",_xlfn.XLOOKUP($B35,'[1]Pivot Gioc'!$B:$B,'[1]Pivot Gioc'!$S:$S)) -> 4.8333333 | T35: =IF(_xlfn.XLOOKUP($B35,'[1]Pivot Gioc'!$B:$B,'[1]Pivot Gioc'!$T:$T)=0,"",_xlfn.XLOOKUP($B35,'[1]Pivot Gioc'!$B:$B,'[1]Pivot Gioc'!$T:$T)) -> 14.5 | AL35: #N/A | AM35: #N/A | AN35: #N/A
A36: D | B36: Mandragora | C36: =_xlfn.IFNA(_xlfn.XLOOKUP(B36,'[1]ROSE SQUADRE'!$N:$N,'[1]ROSE SQUADRE'!$O:$O),"") -> AC ASPARAGHESE | D36: =_xlfn.XLOOKUP($B36,'[1]Pivot Gioc'!$B:$B,'[1]Pivot Gioc'!$Q:$Q,"") -> 6 | E36: =_xlfn.XLOOKUP($B36,'[1]Pivot Gioc'!$B:$B,'[1]Pivot Gioc'!$N:$N,"") -> 2 | F36: =_xlfn.XLOOKUP($B36,'[1]Pivot Gioc'!$B:$B,'[1]Pivot Gioc'!$J:$J,"") -> 1 | G36: =_xlfn.XLOOKUP($B36,'[1]Pivot Gioc'!$B:$B,'[1]Pivot Gioc'!$I:$I,"") -> 0 | H36: =_xlfn.XLOOKUP($B36,'[1]Pivot Gioc'!$B:$B,'[1]Pivot Gioc'!$H:$H,"") -> 0 | I36: =_xlfn.XLOOKUP($B36,'[1]Pivot Gioc'!$B:$B,'[1]Pivot Gioc'!$P:$P,"") -> 0 | J36: =_xlfn.XLOOKUP($B36,'[1]Pivot Gioc'!$B:$B,'[1]Pivot Gioc'!$L:$L,"") -> 7 | K36: =_xlfn.XLOOKUP($B36,'[1]Pivot Gioc'!$B:$B,'[1]Pivot Gioc'!$M:$M,"") -> 0 | L36: =_xlfn.XLOOKUP($B36,'[1]Pivot Gioc'!$B:$B,'[1]Pivot Gioc'!$K:$K,"") -> 0 | M36: =_xlfn.XLOOKUP($B36,'[1]Pivot Gioc'!$B:$B,'[1]Pivot Gioc'!$C:$C,"") -> 6.015625 | N36: =_xlfn.XLOOKUP($B36,'[1]Pivot Gioc'!$B:$B,'[1]Pivot Gioc'!$D:$D,"") -> 6.53125 | O36: =_xlfn.XLOOKUP($B36,'[1]Pivot Gioc'!$B:$B,'[1]Pivot Gioc'!$E:$E,"") -> 209 | P36: =IF(_xlfn.XLOOKUP($B36,'[1]Pivot Gioc'!$B:$B,'[1]Pivot Gioc'!$G:$G,"")=0,"",_xlfn.XLOOKUP($B36,'[1]Pivot Gioc'!$B:$B,'[1]Pivot Gioc'!$G:$G)) | Q36: =_xlfn.XLOOKUP(B36,[1]!Tabella4[nome],[1]!Tabella4[PRES]) -> #REF! | R36: =_xlfn.XLOOKUP(B36,[1]!Tabella4[nome],[1]!Tabella4[LEGA TIT]) -> #REF! | S36: =IF(_xlfn.XLOOKUP($B36,'[1]Pivot Gioc'!$B:$B,'[1]Pivot Gioc'!$S:$S)="0,00","",_xlfn.XLOOKUP($B36,'[1]Pivot Gioc'!$B:$B,'[1]Pivot Gioc'!$S:$S)) -> 6.7857143 | T36: =IF(_xlfn.XLOOKUP($B36,'[1]Pivot Gioc'!$B:$B,'[1]Pivot Gioc'!$T:$T)=0,"",_xlfn.XLOOKUP($B36,'[1]Pivot Gioc'!$B:$B,'[1]Pivot Gioc'!$T:$T)) -> 47.5 | AL36: #N/A | AM36: #N/A | AN36: #N/A
A37: C | B37: Malinovskyi | C37: =_xlfn.IFNA(_xlfn.XLOOKUP(B37,'[1]ROSE SQUADRE'!$N:$N,'[1]ROSE SQUADRE'!$O:$O),"") -> HERTHA VERNELLO | D37: =_xlfn.XLOOKUP($B37,'[1]Pivot Gioc'!$B:$B,'[1]Pivot Gioc'!$Q:$Q,"") -> 6 | E37: =_xlfn.XLOOKUP($B37,'[1]Pivot Gioc'!$B:$B,'[1]Pivot Gioc'!$N:$N,"") -> 3 | F37: =_xlfn.XLOOKUP($B37,'[1]Pivot Gioc'!$B:$B,'[1]Pivot Gioc'!$J:$J,"") -> 3 | G37: =_xlfn.XLOOKUP($B37,'[1]Pivot Gioc'!$B:$B,'[1]Pivot Gioc'!$I:$I,"") -> 0 | H37: =_xlfn.XLOOKUP($B37,'[1]Pivot Gioc'!$B:$B,'[1]Pivot Gioc'!$H:$H,"") -> 0 | I37: =_xlfn.XLOOKUP($B37,'[1]Pivot Gioc'!$B:$B,'[1]Pivot Gioc'!$P:$P,"") -> 0 | J37: =_xlfn.XLOOKUP($B37,'[1]Pivot Gioc'!$B:$B,'[1]Pivot Gioc'!$L:$L,"") -> 10 | K37: =_xlfn.XLOOKUP($B37,'[1]Pivot Gioc'!$B:$B,'[1]Pivot Gioc'!$M:$M,"") -> 0 | L37: =_xlfn.XLOOKUP($B37,'[1]Pivot Gioc'!$B:$B,'[1]Pivot Gioc'!$K:$K,"") -> 0 | M37: =_xlfn.XLOOKUP($B37,'[1]Pivot Gioc'!$B:$B,'[1]Pivot Gioc'!$C:$C,"") -> 6.0757576 | N37: =_xlfn.XLOOKUP($B37,'[1]Pivot Gioc'!$B:$B,'[1]Pivot Gioc'!$D:$D,"") -> 6.5606061 | O37: =_xlfn.XLOOKUP($B37,'[1]Pivot Gioc'!$B:$B,'[1]Pivot Gioc'!$E:$E,"") -> 216.5 | P37: =IF(_xlfn.XLOOKUP($B37,'[1]Pivot Gioc'!$B:$B,'[1]Pivot Gioc'!$G:$G,"")=0,"",_xlfn.XLOOKUP($B37,'[1]Pivot Gioc'!$B:$B,'[1]Pivot Gioc'!$G:$G)) | Q37: =_xlfn.XLOOKUP(B37,[1]!Tabella4[nome],[1]!Tabella4[PRES]) -> #REF! | R37: =_xlfn.XLOOKUP(B37,[1]!Tabella4[nome],[1]!Tabella4[LEGA TIT]) -> #REF! | S37: =IF(_xlfn.XLOOKUP($B37,'[1]Pivot Gioc'!$B:$B,'[1]Pivot Gioc'!$S:$S)="0,00","",_xlfn.XLOOKUP($B37,'[1]Pivot Gioc'!$B:$B,'[1]Pivot Gioc'!$S:$S)) -> 6.4375 | T37: =IF(_xlfn.XLOOKUP($B37,'[1]Pivot Gioc'!$B:$B,'[1]Pivot Gioc'!$T:$T)=0,"",_xlfn.XLOOKUP($B37,'[1]Pivot Gioc'!$B:$B,'[1]Pivot Gioc'!$T:$T)) -> 51.5 | AL37: #N/A | AM37: #N/A | AN37: #N/A
A38: P | B38: Da Cunha | C38: =_xlfn.IFNA(_xlfn.XLOOKUP(B38,'[1]ROSE SQUADRE'!$N:$N,'[1]ROSE SQUADRE'!$O:$O),"") -> PARTIZAN DEGRADO | D38: =_xlfn.XLOOKUP($B38,'[1]Pivot Gioc'!$B:$B,'[1]Pivot Gioc'!$Q:$Q,"") -> 6 | E38: =_xlfn.XLOOKUP($B38,'[1]Pivot Gioc'!$B:$B,'[1]Pivot Gioc'!$N:$N,"") -> 4 | F38: =_xlfn.XLOOKUP($B38,'[1]Pivot Gioc'!$B:$B,'[1]Pivot Gioc'!$J:$J,"") -> 4 | G38: =_xlfn.XLOOKUP($B38,'[1]Pivot Gioc'!$B:$B,'[1]Pivot Gioc'!$I:$I,"") -> 0 | H38: =_xlfn.XLOOKUP($B38,'[1]Pivot Gioc'!$B:$B,'[1]Pivot Gioc'!$H:$H,"") -> 0 | I38: =_xlfn.XLOOKUP($B38,'[1]Pivot Gioc'!$B:$B,'[1]Pivot Gioc'!$P:$P,"") -> 0 | J38: =_xlfn.XLOOKUP($B38,'[1]Pivot Gioc'!$B:$B,'[1]Pivot Gioc'!$L:$L,"") -> 4 | K38: =_xlfn.XLOOKUP($B38,'[1]Pivot Gioc'!$B:$B,'[1]Pivot Gioc'!$M:$M,"") -> 0 | L38: =_xlfn.XLOOKUP($B38,'[1]Pivot Gioc'!$B:$B,'[1]Pivot Gioc'!$K:$K,"") -> 0 | M38: =_xlfn.XLOOKUP($B38,'[1]Pivot Gioc'!$B:$B,'[1]Pivot Gioc'!$C:$C,"") -> 6.3484848 | N38: =_xlfn.XLOOKUP($B38,'[1]Pivot Gioc'!$B:$B,'[1]Pivot Gioc'!$D:$D,"") -> 7.0151515 | O38: =_xlfn.XLOOKUP($B38,'[1]Pivot Gioc'!$B:$B,'[1]Pivot Gioc'!$E:$E,"") -> 231.5 | P38: =IF(_xlfn.XLOOKUP($B38,'[1]Pivot Gioc'!$B:$B,'[1]Pivot Gioc'!$G:$G,"")=0,"",_xlfn.XLOOKUP($B38,'[1]Pivot Gioc'!$B:$B,'[1]Pivot Gioc'!$G:$G)) | Q38: =_xlfn.XLOOKUP(B38,[1]!Tabella4[nome],[1]!Tabella4[PRES]) -> #REF! | R38: =_xlfn.XLOOKUP(B38,[1]!Tabella4[nome],[1]!Tabella4[LEGA TIT]) -> #REF! | S38: =IF(_xlfn.XLOOKUP($B38,'[1]Pivot Gioc'!$B:$B,'[1]Pivot Gioc'!$S:$S)="0,00","",_xlfn.XLOOKUP($B38,'[1]Pivot Gioc'!$B:$B,'[1]Pivot Gioc'!$S:$S)) -> 7.1875 | T38: =IF(_xlfn.XLOOKUP($B38,'[1]Pivot Gioc'!$B:$B,'[1]Pivot Gioc'!$T:$T)=0,"",_xlfn.XLOOKUP($B38,'[1]Pivot Gioc'!$B:$B,'[1]Pivot Gioc'!$T:$T)) -> 115 | AL38: #N/A | AM38: #N/A | AN38: #N/A
B39: Rabiot | C39: =_xlfn.IFNA(_xlfn.XLOOKUP(B39,'[1]ROSE SQUADRE'!$N:$N,'[1]ROSE SQUADRE'!$O:$O),"") -> PARTIZAN DEGRADO | D39: =_xlfn.XLOOKUP($B39,'[1]Pivot Gioc'!$B:$B,'[1]Pivot Gioc'!$Q:$Q,"") -> 6 | E39: =_xlfn.XLOOKUP($B39,'[1]Pivot Gioc'!$B:$B,'[1]Pivot Gioc'!$N:$N,"") -> 4 | F39: =_xlfn.XLOOKUP($B39,'[1]Pivot Gioc'!$B:$B,'[1]Pivot Gioc'!$J:$J,"") -> 0 | G39: =_xlfn.XLOOKUP($B39,'[1]Pivot Gioc'!$B:$B,'[1]Pivot Gioc'!$I:$I,"") -> 0 | H39: =_xlfn.XLOOKUP($B39,'[1]Pivot Gioc'!$B:$B,'[1]Pivot Gioc'!$H:$H,"") -> 0 | I39: =_xlfn.XLOOKUP($B39,'[1]Pivot Gioc'!$B:$B,'[1]Pivot Gioc'!$P:$P,"") -> 0 | J39: =_xlfn.XLOOKUP($B39,'[1]Pivot Gioc'!$B:$B,'[1]Pivot Gioc'!$L:$L,"") -> 4 | K39: =_xlfn.XLOOKUP($B39,'[1]Pivot Gioc'!$B:$B,'[1]Pivot Gioc'!$M:$M,"") -> 1 | L39: =_xlfn.XLOOKUP($B39,'[1]Pivot Gioc'!$B:$B,'[1]Pivot Gioc'!$K:$K,"") -> 0 | M39: =_xlfn.XLOOKUP($B39,'[1]Pivot Gioc'!$B:$B,'[1]Pivot Gioc'!$C:$C,"") -> 6.3275862 | N39: =_xlfn.XLOOKUP($B39,'[1]Pivot Gioc'!$B:$B,'[1]Pivot Gioc'!$D:$D,"") -> 7.0517241 | O39: =_xlfn.XLOOKUP($B39,'[1]Pivot Gioc'!$B:$B,'[1]Pivot Gioc'!$E:$E,"") -> 204.5 | P39: =IF(_xlfn.XLOOKUP($B39,'[1]Pivot Gioc'!$B:$B,'[1]Pivot Gioc'!$G:$G,"")=0,"",_xlfn.XLOOKUP($B39,'[1]Pivot Gioc'!$B:$B,'[1]Pivot Gioc'!$G:$G)) | Q39: =_xlfn.XLOOKUP(B39,[1]!Tabella4[nome],[1]!Tabella4[PRES]) -> #REF! | R39: =_xlfn.XLOOKUP(B39,[1]!Tabella4[nome],[1]!Tabella4[LEGA TIT]) -> #REF! | S39: =IF(_xlfn.XLOOKUP($B39,'[1]Pivot Gioc'!$B:$B,'[1]Pivot Gioc'!$S:$S)="0,00","",_xlfn.XLOOKUP($B39,'[1]Pivot Gioc'!$B:$B,'[1]Pivot Gioc'!$S:$S)) -> 6.9814815 | T39: =IF(_xlfn.XLOOKUP($B39,'[1]Pivot Gioc'!$B:$B,'[1]Pivot Gioc'!$T:$T)=0,"",_xlfn.XLOOKUP($B39,'[1]Pivot Gioc'!$B:$B,'[1]Pivot Gioc'!$T:$T)) -> 188.5
A40: A | B40: Adams C. | C40: =_xlfn.IFNA(_xlfn.XLOOKUP(B40,'[1]ROSE SQUADRE'!$N:$N,'[1]ROSE SQUADRE'!$O:$O),"") -> PESCICULINI FC | D40: =_xlfn.XLOOKUP($B40,'[1]Pivot Gioc'!$B:$B,'[1]Pivot Gioc'!$Q:$Q,"") -> 6 | E40: =_xlfn.XLOOKUP($B40,'[1]Pivot Gioc'!$B:$B,'[1]Pivot Gioc'!$N:$N,"") -> 3 | F40: =_xlfn.XLOOKUP($B40,'[1]Pivot Gioc'!$B:$B,'[1]Pivot Gioc'!$J:$J,"") -> 0 | G40: =_xlfn.XLOOKUP($B40,'[1]Pivot Gioc'!$B:$B,'[1]Pivot Gioc'!$I:$I,"") -> 0 | H40: =_xlfn.XLOOKUP($B40,'[1]Pivot Gioc'!$B:$B,'[1]Pivot Gioc'!$H:$H,"") -> 0 | I40: =_xlfn.XLOOKUP($B40,'[1]Pivot Gioc'!$B:$B,'[1]Pivot Gioc'!$P:$P,"") -> 0 | J40: =_xlfn.XLOOKUP($B40,'[1]Pivot Gioc'!$B:$B,'[1]Pivot Gioc'!$L:$L,"") -> 0 | K40: =_xlfn.XLOOKUP($B40,'[1]Pivot Gioc'!$B:$B,'[1]Pivot Gioc'!$M:$M,"") -> 0 | L40: =_xlfn.XLOOKUP($B40,'[1]Pivot Gioc'!$B:$B,'[1]Pivot Gioc'!$K:$K,"") -> 0 | M40: =_xlfn.XLOOKUP($B40,'[1]Pivot Gioc'!$B:$B,'[1]Pivot Gioc'!$C:$C,"") -> 6.0166667 | N40: =_xlfn.XLOOKUP($B40,'[1]Pivot Gioc'!$B:$B,'[1]Pivot Gioc'!$D:$D,"") -> 6.7833333 | O40: =_xlfn.XLOOKUP($B40,'[1]Pivot Gioc'!$B:$B,'[1]Pivot Gioc'!$E:$E,"") -> 203.5 | P40: =IF(_xlfn.XLOOKUP($B40,'[1]Pivot Gioc'!$B:$B,'[1]Pivot Gioc'!$G:$G,"")=0,"",_xlfn.XLOOKUP($B40,'[1]Pivot Gioc'!$B:$B,'[1]Pivot Gioc'!$G:$G)) | Q40: =_xlfn.XLOOKUP(B40,[1]!Tabella4[nome],[1]!Tabella4[PRES]) -> #REF! | R40: =_xlfn.XLOOKUP(B40,[1]!Tabella4[nome],[1]!Tabella4[LEGA TIT]) -> #REF! | S40: =IF(_xlfn.XLOOKUP($B40,'[1]Pivot Gioc'!$B:$B,'[1]Pivot Gioc'!$S:$S)="0,00","",_xlfn.XLOOKUP($B40,'[1]Pivot Gioc'!$B:$B,'[1]Pivot Gioc'!$S:$S)) -> 5.8333333 | T40: =IF(_xlfn.XLOOKUP($B40,'[1]Pivot Gioc'!$B:$B,'[1]Pivot Gioc'!$T:$T)=0,"",_xlfn.XLOOKUP($B40,'[1]Pivot Gioc'!$B:$B,'[1]Pivot Gioc'!$T:$T)) -> 17.5
A41: C | B41: Konè I. | C41: =_xlfn.IFNA(_xlfn.XLOOKUP(B41,'[1]ROSE SQUADRE'!$N:$N,'[1]ROSE SQUADRE'!$O:$O),"") -> PESCICULINI FC | D41: =_xlfn.XLOOKUP($B41,'[1]Pivot Gioc'!$B:$B,'[1]Pivot Gioc'!$Q:$Q,"") -> 6 | E41: =_xlfn.XLOOKUP($B41,'[1]Pivot Gioc'!$B:$B,'[1]Pivot Gioc'!$N:$N,"") -> 0 | F41: =_xlfn.XLOOKUP($B41,'[1]Pivot Gioc'!$B:$B,'[1]Pivot Gioc'!$J:$J,"") -> 0 | G41: =_xlfn.XLOOKUP($B41,'[1]Pivot Gioc'!$B:$B,'[1]Pivot Gioc'!$I:$I,"") -> 0 | H41: =_xlfn.XLOOKUP($B41,'[1]Pivot Gioc'!$B:$B,'[1]Pivot Gioc'!$H:$H,"") -> 0 | I41: =_xlfn.XLOOKUP($B41,'[1]Pivot Gioc'!$B:$B,'[1]Pivot Gioc'!$P:$P,"") -> 0 | J41: =_xlfn.XLOOKUP($B41,'[1]Pivot Gioc'!$B:$B,'[1]Pivot Gioc'!$L:$L,"") -> 3 | K41: =_xlfn.XLOOKUP($B41,'[1]Pivot Gioc'!$B:$B,'[1]Pivot Gioc'!$M:$M,"") -> 0 | L41: =_xlfn.XLOOKUP($B41,'[1]Pivot Gioc'!$B:$B,'[1]Pivot Gioc'!$K:$K,"") -> 0 | M41: =_xlfn.XLOOKUP($B41,'[1]Pivot Gioc'!$B:$B,'[1]Pivot Gioc'!$C:$C,"") -> 6.2352941 | N41: =_xlfn.XLOOKUP($B41,'[1]Pivot Gioc'!$B:$B,'[1]Pivot Gioc'!$D:$D,"") -> 6.75 | O41: =_xlfn.XLOOKUP($B41,'[1]Pivot Gioc'!$B:$B,'[1]Pivot Gioc'!$E:$E,"") -> 229.5 | P41: =IF(_xlfn.XLOOKUP($B41,'[1]Pivot Gioc'!$B:$B,'[1]Pivot Gioc'!$G:$G,"")=0,"",_xlfn.XLOOKUP($B41,'[1]Pivot Gioc'!$B:$B,'[1]Pivot Gioc'!$G:$G)) | Q41: =_xlfn.XLOOKUP(B41,[1]!Tabella4[nome],[1]!Tabella4[PRES]) -> #REF! | R41: =_xlfn.XLOOKUP(B41,[1]!Tabella4[nome],[1]!Tabella4[LEGA TIT]) -> #REF! | S41: =IF(_xlfn.XLOOKUP($B41,'[1]Pivot Gioc'!$B:$B,'[1]Pivot Gioc'!$S:$S)="0,00","",_xlfn.XLOOKUP($B41,'[1]Pivot Gioc'!$B:$B,'[1]Pivot Gioc'!$S:$S)) -> 6.5714286 | T41: =IF(_xlfn.XLOOKUP($B41,'[1]Pivot Gioc'!$B:$B,'[1]Pivot Gioc'!$T:$T)=0,"",_xlfn.XLOOKUP($B41,'[1]Pivot Gioc'!$B:$B,'[1]Pivot Gioc'!$T:$T)) -> 46
B42: Zielinski | C42: =_xlfn.IFNA(_xlfn.XLOOKUP(B42,'[1]ROSE SQUADRE'!$N:$N,'[1]ROSE SQUADRE'!$O:$O),"") -> PESCICULINI FC | D42: =_xlfn.XLOOKUP($B42,'[1]Pivot Gioc'!$B:$B,'[1]Pivot Gioc'!$Q:$Q,"") -> 6 | E42: =_xlfn.XLOOKUP($B42,'[1]Pivot Gioc'!$B:$B,'[1]Pivot Gioc'!$N:$N,"") -> 2 | F42: =_xlfn.XLOOKUP($B42,'[1]Pivot Gioc'!$B:$B,'[1]Pivot Gioc'!$J:$J,"") -> 1 | G42: =_xlfn.XLOOKUP($B42,'[1]Pivot Gioc'!$B:$B,'[1]Pivot Gioc'!$I:$I,"") -> 0 | H42: =_xlfn.XLOOKUP($B42,'[1]Pivot Gioc'!$B:$B,'[1]Pivot Gioc'!$H:$H,"") -> 0 | I42: =_xlfn.XLOOKUP($B42,'[1]Pivot Gioc'!$B:$B,'[1]Pivot Gioc'!$P:$P,"") -> 0 | J42: =_xlfn.XLOOKUP($B42,'[1]Pivot Gioc'!$B:$B,'[1]Pivot Gioc'!$L:$L,"") -> 3 | K42: =_xlfn.XLOOKUP($B42,'[1]Pivot Gioc'!$B:$B,'[1]Pivot Gioc'!$M:$M,"") -> 0 | L42: =_xlfn.XLOOKUP($B42,'[1]Pivot Gioc'!$B:$B,'[1]Pivot Gioc'!$K:$K,"") -> 1 | M42: =_xlfn.XLOOKUP($B42,'[1]Pivot Gioc'!$B:$B,'[1]Pivot Gioc'!$C:$C,"") -> 6.25 | N42: =_xlfn.XLOOKUP($B42,'[1]Pivot Gioc'!$B:$B,'[1]Pivot Gioc'!$D:$D,"") -> 6.8333333 | O42: =_xlfn.XLOOKUP($B42,'[1]Pivot Gioc'!$B:$B,'[1]Pivot Gioc'!$E:$E,"") -> 205 | P42: =IF(_xlfn.XLOOKUP($B42,'[1]Pivot Gioc'!$B:$B,'[1]Pivot Gioc'!$G:$G,"")=0,"",_xlfn.XLOOKUP($B42,'[1]Pivot Gioc'!$B:$B,'[1]Pivot Gioc'!$G:$G)) | Q42: =_xlfn.XLOOKUP(B42,[1]!Tabella4[nome],[1]!Tabella4[PRES]) -> #REF! | R42: =_xlfn.XLOOKUP(B42,[1]!Tabella4[nome],[1]!Tabella4[LEGA TIT]) -> #REF! | S42: =IF(_xlfn.XLOOKUP($B42,'[1]Pivot Gioc'!$B:$B,'[1]Pivot Gioc'!$S:$S)="0,00","",_xlfn.XLOOKUP($B42,'[1]Pivot Gioc'!$B:$B,'[1]Pivot Gioc'!$S:$S)) -> 6.3571429 | T42: =IF(_xlfn.XLOOKUP($B42,'[1]Pivot Gioc'!$B:$B,'[1]Pivot Gioc'!$T:$T)=0,"",_xlfn.XLOOKUP($B42,'[1]Pivot Gioc'!$B:$B,'[1]Pivot Gioc'!$T:$T)) -> 89
A43: C | B43: Baturina | C43: =_xlfn.IFNA(_xlfn.XLOOKUP(B43,'[1]ROSE SQUADRE'!$N:$N,'[1]ROSE SQUADRE'!$O:$O),"") -> SAN GRIA | D43: =_xlfn.XLOOKUP($B43,'[1]Pivot Gioc'!$B:$B,'[1]Pivot Gioc'!$Q:$Q,"") -> 6 | E43: =_xlfn.XLOOKUP($B43,'[1]Pivot Gioc'!$B:$B,'[1]Pivot Gioc'!$N:$N,"") -> 3 | F43: =_xlfn.XLOOKUP($B43,'[1]Pivot Gioc'!$B:$B,'[1]Pivot Gioc'!$J:$J,"") -> 0 | G43: =_xlfn.XLOOKUP($B43,'[1]Pivot Gioc'!$B:$B,'[1]Pivot Gioc'!$I:$I,"") -> 0 | H43: =_xlfn.XLOOKUP($B43,'[1]Pivot Gioc'!$B:$B,'[1]Pivot Gioc'!$H:$H,"") -> 0 | I43: =_xlfn.XLOOKUP($B43,'[1]Pivot Gioc'!$B:$B,'[1]Pivot Gioc'!$P:$P,"") -> 0 | J43: =_xlfn.XLOOKUP($B43,'[1]Pivot Gioc'!$B:$B,'[1]Pivot Gioc'!$L:$L,"") -> 0 | K43: =_xlfn.XLOOKUP($B43,'[1]Pivot Gioc'!$B:$B,'[1]Pivot Gioc'!$M:$M,"") -> 0 | L43: =_xlfn.XLOOKUP($B43,'[1]Pivot Gioc'!$B:$B,'[1]Pivot Gioc'!$K:$K,"") -> 0 | M43: =_xlfn.XLOOKUP($B43,'[1]Pivot Gioc'!$B:$B,'[1]Pivot Gioc'!$C:$C,"") -> 6.3 | N43: =_xlfn.XLOOKUP($B43,'[1]Pivot Gioc'!$B:$B,'[1]Pivot Gioc'!$D:$D,"") -> 7.18 | O43: =_xlfn.XLOOKUP($B43,'[1]Pivot Gioc'!$B:$B,'[1]Pivot Gioc'!$E:$E,"") -> 179.5 | P43: =IF(_xlfn.XLOOKUP($B43,'[1]Pivot Gioc'!$B:$B,'[1]Pivot Gioc'!$G:$G,"")=0,"",_xlfn.XLOOKUP($B43,'[1]Pivot Gioc'!$B:$B,'[1]Pivot Gioc'!$G:$G)) | Q43: =_xlfn.XLOOKUP(B43,[1]!Tabella4[nome],[1]!Tabella4[PRES]) -> #REF! | R43: =_xlfn.XLOOKUP(B43,[1]!Tabella4[nome],[1]!Tabella4[LEGA TIT]) -> #REF! | S43: =IF(_xlfn.XLOOKUP($B43,'[1]Pivot Gioc'!$B:$B,'[1]Pivot Gioc'!$S:$S)="0,00","",_xlfn.XLOOKUP($B43,'[1]Pivot Gioc'!$B:$B,'[1]Pivot Gioc'!$S:$S)) -> 7.5333333 | T43: =IF(_xlfn.XLOOKUP($B43,'[1]Pivot Gioc'!$B:$B,'[1]Pivot Gioc'!$T:$T)=0,"",_xlfn.XLOOKUP($B43,'[1]Pivot Gioc'!$B:$B,'[1]Pivot Gioc'!$T:$T)) -> 113
A44: C | B44: Banda | C44: =_xlfn.IFNA(_xlfn.XLOOKUP(B44,'[1]ROSE SQUADRE'!$N:$N,'[1]ROSE SQUADRE'!$O:$O),"") | D44: =_xlfn.XLOOKUP($B44,'[1]Pivot Gioc'!$B:$B,'[1]Pivot Gioc'!$Q:$Q,"") -> 5 | E44: =_xlfn.XLOOKUP($B44,'[1]Pivot Gioc'!$B:$B,'[1]Pivot Gioc'!$N:$N,"") -> 4 | F44: =_xlfn.XLOOKUP($B44,'[1]Pivot Gioc'!$B:$B,'[1]Pivot Gioc'!$J:$J,"") -> 0 | G44: =_xlfn.XLOOKUP($B44,'[1]Pivot Gioc'!$B:$B,'[1]Pivot Gioc'!$I:$I,"") -> 0 | H44: =_xlfn.XLOOKUP($B44,'[1]Pivot Gioc'!$B:$B,'[1]Pivot Gioc'!$H:$H,"") -> 0 | I44: =_xlfn.XLOOKUP($B44,'[1]Pivot Gioc'!$B:$B,'[1]Pivot Gioc'!$P:$P,"") -> 0 | J44: =_xlfn.XLOOKUP($B44,'[1]Pivot Gioc'!$B:$B,'[1]Pivot Gioc'!$L:$L,"") -> 5 | K44: =_xlfn.XLOOKUP($B44,'[1]Pivot Gioc'!$B:$B,'[1]Pivot Gioc'!$M:$M,"") -> 1 | L44: =_xlfn.XLOOKUP($B44,'[1]Pivot Gioc'!$B:$B,'[1]Pivot Gioc'!$K:$K,"") -> 0 | M44: =_xlfn.XLOOKUP($B44,'[1]Pivot Gioc'!$B:$B,'[1]Pivot Gioc'!$C:$C,"") -> 6.0967742 | N44: =_xlfn.XLOOKUP($B44,'[1]Pivot Gioc'!$B:$B,'[1]Pivot Gioc'!$D:$D,"") -> 6.6935484 | O44: =_xlfn.XLOOKUP($B44,'[1]Pivot Gioc'!$B:$B,'[1]Pivot Gioc'!$E:$E,"") -> 207.5 | P44: =IF(_xlfn.XLOOKUP($B44,'[1]Pivot Gioc'!$B:$B,'[1]Pivot Gioc'!$G:$G,"")=0,"",_xlfn.XLOOKUP($B44,'[1]Pivot Gioc'!$B:$B,'[1]Pivot Gioc'!$G:$G)) | Q44: =_xlfn.XLOOKUP(B44,[1]!Tabella4[nome],[1]!Tabella4[PRES]) -> #REF! | R44: =_xlfn.XLOOKUP(B44,[1]!Tabella4[nome],[1]!Tabella4[LEGA TIT]) -> #REF! | S44: =IF(_xlfn.XLOOKUP($B44,'[1]Pivot Gioc'!$B:$B,'[1]Pivot Gioc'!$S:$S)="0,00","",_xlfn.XLOOKUP($B44,'[1]Pivot Gioc'!$B:$B,'[1]Pivot Gioc'!$S:$S)) | T44: =IF(_xlfn.XLOOKUP($B44,'[1]Pivot Gioc'!$B:$B,'[1]Pivot Gioc'!$T:$T)=0,"",_xlfn.XLOOKUP($B44,'[1]Pivot Gioc'!$B:$B,'[1]Pivot Gioc'!$T:$T))
B45: Borrelli | C45: =_xlfn.IFNA(_xlfn.XLOOKUP(B45,'[1]ROSE SQUADRE'!$N:$N,'[1]ROSE SQUADRE'!$O:$O),"") | D45: =_xlfn.XLOOKUP($B45,'[1]Pivot Gioc'!$B:$B,'[1]Pivot Gioc'!$Q:$Q,"") -> 5 | E45: =_xlfn.XLOOKUP($B45,'[1]Pivot Gioc'!$B:$B,'[1]Pivot Gioc'!$N:$N,"") -> 1 | F45: =_xlfn.XLOOKUP($B45,'[1]Pivot Gioc'!$B:$B,'[1]Pivot Gioc'!$J:$J,"") -> 0 | G45: =_xlfn.XLOOKUP($B45,'[1]Pivot Gioc'!$B:$B,'[1]Pivot Gioc'!$I:$I,"") -> 0 | H45: =_xlfn.XLOOKUP($B45,'[1]Pivot Gioc'!$B:$B,'[1]Pivot Gioc'!$H:$H,"") -> 0 | I45: =_xlfn.XLOOKUP($B45,'[1]Pivot Gioc'!$B:$B,'[1]Pivot Gioc'!$P:$P,"") -> 0 | J45: =_xlfn.XLOOKUP($B45,'[1]Pivot Gioc'!$B:$B,'[1]Pivot Gioc'!$L:$L,"") -> 3 | K45: =_xlfn.XLOOKUP($B45,'[1]Pivot Gioc'!$B:$B,'[1]Pivot Gioc'!$M:$M,"") -> 0 | L45: =_xlfn.XLOOKUP($B45,'[1]Pivot Gioc'!$B:$B,'[1]Pivot Gioc'!$K:$K,"") -> 0 | M45: =_xlfn.XLOOKUP($B45,'[1]Pivot Gioc'!$B:$B,'[1]Pivot Gioc'!$C:$C,"") -> 5.9583333 | N45: =_xlfn.XLOOKUP($B45,'[1]Pivot Gioc'!$B:$B,'[1]Pivot Gioc'!$D:$D,"") -> 6.6041667 | O45: =_xlfn.XLOOKUP($B45,'[1]Pivot Gioc'!$B:$B,'[1]Pivot Gioc'!$E:$E,"") -> 158.5 | P45: =IF(_xlfn.XLOOKUP($B45,'[1]Pivot Gioc'!$B:$B,'[1]Pivot Gioc'!$G:$G,"")=0,"",_xlfn.XLOOKUP($B45,'[1]Pivot Gioc'!$B:$B,'[1]Pivot Gioc'!$G:$G)) | Q45: =_xlfn.XLOOKUP(B45,[1]!Tabella4[nome],[1]!Tabella4[PRES]) -> #REF! | R45: =_xlfn.XLOOKUP(B45,[1]!Tabella4[nome],[1]!Tabella4[LEGA TIT]) -> #REF! | S45: =IF(_xlfn.XLOOKUP($B45,'[1]Pivot Gioc'!$B:$B,'[1]Pivot Gioc'!$S:$S)="0,00","",_xlfn.XLOOKUP($B45,'[1]Pivot Gioc'!$B:$B,'[1]Pivot Gioc'!$S:$S)) | T45: =IF(_xlfn.XLOOKUP($B45,'[1]Pivot Gioc'!$B:$B,'[1]Pivot Gioc'!$T:$T)=0,"",_xlfn.XLOOKUP($B45,'[1]Pivot Gioc'!$B:$B,'[1]Pivot Gioc'!$T:$T))
A46: D | B46: David | C46: =_xlfn.IFNA(_xlfn.XLOOKUP(B46,'[1]ROSE SQUADRE'!$N:$N,'[1]ROSE SQUADRE'!$O:$O),"") -> AC ASPARAGHESE | D46: =_xlfn.XLOOKUP($B46,'[1]Pivot Gioc'!$B:$B,'[1]Pivot Gioc'!$Q:$Q,"") -> 5 | E46: =_xlfn.XLOOKUP($B46,'[1]Pivot Gioc'!$B:$B,'[1]Pivot Gioc'!$N:$N,"") -> 2 | F46: =_xlfn.XLOOKUP($B46,'[1]Pivot Gioc'!$B:$B,'[1]Pivot Gioc'!$J:$J,"") -> 0 | G46: =_xlfn.XLOOKUP($B46,'[1]Pivot Gioc'!$B:$B,'[1]Pivot Gioc'!$I:$I,"") -> 1 | H46: =_xlfn.XLOOKUP($B46,'[1]Pivot Gioc'!$B:$B,'[1]Pivot Gioc'!$H:$H,"") -> 0 | I46: =_xlfn.XLOOKUP($B46,'[1]Pivot Gioc'!$B:$B,'[1]Pivot Gioc'!$P:$P,"") -> 0 | J46: =_xlfn.XLOOKUP($B46,'[1]Pivot Gioc'!$B:$B,'[1]Pivot Gioc'!$L:$L,"") -> 0 | K46: =_xlfn.XLOOKUP($B46,'[1]Pivot Gioc'!$B:$B,'[1]Pivot Gioc'!$M:$M,"") -> 0 | L46: =_xlfn.XLOOKUP($B46,'[1]Pivot Gioc'!$B:$B,'[1]Pivot Gioc'!$K:$K,"") -> 0 | M46: =_xlfn.XLOOKUP($B46,'[1]Pivot Gioc'!$B:$B,'[1]Pivot Gioc'!$C:$C,"") -> 5.75 | N46: =_xlfn.XLOOKUP($B46,'[1]Pivot Gioc'!$B:$B,'[1]Pivot Gioc'!$D:$D,"") -> 6.3214286 | O46: =_xlfn.XLOOKUP($B46,'[1]Pivot Gioc'!$B:$B,'[1]Pivot Gioc'!$E:$E,"") -> 177 | P46: =IF(_xlfn.XLOOKUP($B46,'[1]Pivot Gioc'!$B:$B,'[1]Pivot Gioc'!$G:$G,"")=0,"",_xlfn.XLOOKUP($B46,'[1]Pivot Gioc'!$B:$B,'[1]Pivot Gioc'!$G:$G)) | Q46: =_xlfn.XLOOKUP(B46,[1]!Tabella4[nome],[1]!Tabella4[PRES]) -> #REF! | R46: =_xlfn.XLOOKUP(B46,[1]!Tabella4[nome],[1]!Tabella4[LEGA TIT]) -> #REF! | S46: =IF(_xlfn.XLOOKUP($B46,'[1]Pivot Gioc'!$B:$B,'[1]Pivot Gioc'!$S:$S)="0,00","",_xlfn.XLOOKUP($B46,'[1]Pivot Gioc'!$B:$B,'[1]Pivot Gioc'!$S:$S)) -> 6.5 | T46: =IF(_xlfn.XLOOKUP($B46,'[1]Pivot Gioc'!$B:$B,'[1]Pivot Gioc'!$T:$T)=0,"",_xlfn.XLOOKUP($B46,'[1]Pivot Gioc'!$B:$B,'[1]Pivot Gioc'!$T:$T)) -> 104
A47: D | B47: Ekkelenkamp | C47: =_xlfn.IFNA(_xlfn.XLOOKUP(B47,'[1]ROSE SQUADRE'!$N:$N,'[1]ROSE SQUADRE'!$O:$O),"") -> AC ASPARAGHESE | D47: =_xlfn.XLOOKUP($B47,'[1]Pivot Gioc'!$B:$B,'[1]Pivot Gioc'!$Q:$Q,"") -> 5 | E47: =_xlfn.XLOOKUP($B47,'[1]Pivot Gioc'!$B:$B,'[1]Pivot Gioc'!$N:$N,"") -> 3 | F47: =_xlfn.XLOOKUP($B47,'[1]Pivot Gioc'!$B:$B,'[1]Pivot Gioc'!$J:$J,"") -> 0 | G47: =_xlfn.XLOOKUP($B47,'[1]Pivot Gioc'!$B:$B,'[1]Pivot Gioc'!$I:$I,"") -> 0 | H47: =_xlfn.XLOOKUP($B47,'[1]Pivot Gioc'!$B:$B,'[1]Pivot Gioc'!$H:$H,"") -> 0 | I47: =_xlfn.XLOOKUP($B47,'[1]Pivot Gioc'!$B:$B,'[1]Pivot Gioc'!$P:$P,"") -> 0 | J47: =_xlfn.XLOOKUP($B47,'[1]Pivot Gioc'!$B:$B,'[1]Pivot Gioc'!$L:$L,"") -> 1 | K47: =_xlfn.XLOOKUP($B47,'[1]Pivot Gioc'!$B:$B,'[1]Pivot Gioc'!$M:$M,"") -> 0 | L47: =_xlfn.XLOOKUP($B47,'[1]Pivot Gioc'!$B:$B,'[1]Pivot Gioc'!$K:$K,"") -> 0 | M47: =_xlfn.XLOOKUP($B47,'[1]Pivot Gioc'!$B:$B,'[1]Pivot Gioc'!$C:$C,"") -> 6.05 | N47: =_xlfn.XLOOKUP($B47,'[1]Pivot Gioc'!$B:$B,'[1]Pivot Gioc'!$D:$D,"") -> 6.7666667 | O47: =_xlfn.XLOOKUP($B47,'[1]Pivot Gioc'!$B:$B,'[1]Pivot Gioc'!$E:$E,"") -> 203 | P47: =IF(_xlfn.XLOOKUP($B47,'[1]Pivot Gioc'!$B:$B,'[1]Pivot Gioc'!$G:$G,"")=0,"",_xlfn.XLOOKUP($B47,'[1]Pivot Gioc'!$B:$B,'[1]Pivot Gioc'!$G:$G)) | Q47: =_xlfn.XLOOKUP(B47,[1]!Tabella4[nome],[1]!Tabella4[PRES]) -> #REF! | R47: =_xlfn.XLOOKUP(B47,[1]!Tabella4[nome],[1]!Tabella4[LEGA TIT]) -> #REF! | S47: =IF(_xlfn.XLOOKUP($B47,'[1]Pivot Gioc'!$B:$B,'[1]Pivot Gioc'!$S:$S)="0,00","",_xlfn.XLOOKUP($B47,'[1]Pivot Gioc'!$B:$B,'[1]Pivot Gioc'!$S:$S)) -> 7.375 | T47: =IF(_xlfn.XLOOKUP($B47,'[1]Pivot Gioc'!$B:$B,'[1]Pivot Gioc'!$T:$T)=0,"",_xlfn.XLOOKUP($B47,'[1]Pivot Gioc'!$B:$B,'[1]Pivot Gioc'!$T:$T)) -> 59
A48: C | B48: Gudmundsson A. | C48: =_xlfn.IFNA(_xlfn.XLOOKUP(B48,'[1]ROSE SQUADRE'!$N:$N,'[1]ROSE SQUADRE'!$O:$O),"") -> APPAREGGIATO | D48: =_xlfn.XLOOKUP($B48,'[1]Pivot Gioc'!$B:$B,'[1]Pivot Gioc'!$Q:$Q,"") -> 5 | E48: =_xlfn.XLOOKUP($B48,'[1]Pivot Gioc'!$B:$B,'[1]Pivot Gioc'!$N:$N,"") -> 2 | F48: =_xlfn.XLOOKUP($B48,'[1]Pivot Gioc'!$B:$B,'[1]Pivot Gioc'!$J:$J,"") -> 3 | G48: =_xlfn.XLOOKUP($B48,'[1]Pivot Gioc'!$B:$B,'[1]Pivot Gioc'!$I:$I,"") -> 0 | H48: =_xlfn.XLOOKUP($B48,'[1]Pivot Gioc'!$B:$B,'[1]Pivot Gioc'!$H:$H,"") -> 0 | I48: =_xlfn.XLOOKUP($B48,'[1]Pivot Gioc'!$B:$B,'[1]Pivot Gioc'!$P:$P,"") -> 0 | J48: =_xlfn.XLOOKUP($B48,'[1]Pivot Gioc'!$B:$B,'[1]Pivot Gioc'!$L:$L,"") -> 4 | K48: =_xlfn.XLOOKUP($B48,'[1]Pivot Gioc'!$B:$B,'[1]Pivot Gioc'!$M:$M,"") -> 1 | L48: =_xlfn.XLOOKUP($B48,'[1]Pivot Gioc'!$B:$B,'[1]Pivot Gioc'!$K:$K,"") -> 0 | M48: =_xlfn.XLOOKUP($B48,'[1]Pivot Gioc'!$B:$B,'[1]Pivot Gioc'!$C:$C,"") -> 5.8833333 | N48: =_xlfn.XLOOKUP($B48,'[1]Pivot Gioc'!$B:$B,'[1]Pivot Gioc'!$D:$D,"") -> 6.3833333 | O48: =_xlfn.XLOOKUP($B48,'[1]Pivot Gioc'!$B:$B,'[1]Pivot Gioc'!$E:$E,"") -> 191.5 | P48: =IF(_xlfn.XLOOKUP($B48,'[1]Pivot Gioc'!$B:$B,'[1]Pivot Gioc'!$G:$G,"")=0,"",_xlfn.XLOOKUP($B48,'[1]Pivot Gioc'!$B:$B,'[1]Pivot Gioc'!$G:$G)) | Q48: =_xlfn.XLOOKUP(B48,[1]!Tabella4[nome],[1]!Tabella4[PRES]) -> #REF! | R48: =_xlfn.XLOOKUP(B48,[1]!Tabella4[nome],[1]!Tabella4[LEGA TIT]) -> #REF! | S48: =IF(_xlfn.XLOOKUP($B48,'[1]Pivot Gioc'!$B:$B,'[1]Pivot Gioc'!$S:$S)="0,00","",_xlfn.XLOOKUP($B48,'[1]Pivot Gioc'!$B:$B,'[1]Pivot Gioc'!$S:$S)) -> 6.673913 | T48: =IF(_xlfn.XLOOKUP($B48,'[1]Pivot Gioc'!$B:$B,'[1]Pivot Gioc'!$T:$T)=0,"",_xlfn.XLOOKUP($B48,'[1]Pivot Gioc'!$B:$B,'[1]Pivot Gioc'!$T:$T)) -> 153.5
A49: D | B49: McKennie | C49: =_xlfn.IFNA(_xlfn.XLOOKUP(B49,'[1]ROSE SQUADRE'!$N:$N,'[1]ROSE SQUADRE'!$O:$O),"") -> APPAREGGIATO | D49: =_xlfn.XLOOKUP($B49,'[1]Pivot Gioc'!$B:$B,'[1]Pivot Gioc'!$Q:$Q,"") -> 5 | E49: =_xlfn.XLOOKUP($B49,'[1]Pivot Gioc'!$B:$B,'[1]Pivot Gioc'!$N:$N,"") -> 6 | F49: =_xlfn.XLOOKUP($B49,'[1]Pivot Gioc'!$B:$B,'[1]Pivot Gioc'!$J:$J,"") -> 0 | G49: =_xlfn.XLOOKUP($B49,'[1]Pivot Gioc'!$B:$B,'[1]Pivot Gioc'!$I:$I,"") -> 0 | H49: =_xlfn.XLOOKUP($B49,'[1]Pivot Gioc'!$B:$B,'[1]Pivot Gioc'!$H:$H,"") -> 0 | I49: =_xlfn.XLOOKUP($B49,'[1]Pivot Gioc'!$B:$B,'[1]Pivot Gioc'!$P:$P,"") -> 0 | J49: =_xlfn.XLOOKUP($B49,'[1]Pivot Gioc'!$B:$B,'[1]Pivot Gioc'!$L:$L,"") -> 5 | K49: =_xlfn.XLOOKUP($B49,'[1]Pivot Gioc'!$B:$B,'[1]Pivot Gioc'!$M:$M,"") -> 0 | L49: =_xlfn.XLOOKUP($B49,'[1]Pivot Gioc'!$B:$B,'[1]Pivot Gioc'!$K:$K,"") -> 0 | M49: =_xlfn.XLOOKUP($B49,'[1]Pivot Gioc'!$B:$B,'[1]Pivot Gioc'!$C:$C,"") -> 6.1323529 | N49: =_xlfn.XLOOKUP($B49,'[1]Pivot Gioc'!$B:$B,'[1]Pivot Gioc'!$D:$D,"") -> 6.7058824 | O49: =_xlfn.XLOOKUP($B49,'[1]Pivot Gioc'!$B:$B,'[1]Pivot Gioc'!$E:$E,"") -> 228 | P49: =IF(_xlfn.XLOOKUP($B49,'[1]Pivot Gioc'!$B:$B,'[1]Pivot Gioc'!$G:$G,"")=0,"",_xlfn.XLOOKUP($B49,'[1]Pivot Gioc'!$B:$B,'[1]Pivot Gioc'!$G:$G)) | Q49: =_xlfn.XLOOKUP(B49,[1]!Tabella4[nome],[1]!Tabella4[PRES]) -> #REF! | R49: =_xlfn.XLOOKUP(B49,[1]!Tabella4[nome],[1]!Tabella4[LEGA TIT]) -> #REF! | S49: =IF(_xlfn.XLOOKUP($B49,'[1]Pivot Gioc'!$B:$B,'[1]Pivot Gioc'!$S:$S)="0,00","",_xlfn.XLOOKUP($B49,'[1]Pivot Gioc'!$B:$B,'[1]Pivot Gioc'!$S:$S)) -> 6.75 | T49: =IF(_xlfn.XLOOKUP($B49,'[1]Pivot Gioc'!$B:$B,'[1]Pivot Gioc'!$T:$T)=0,"",_xlfn.XLOOKUP($B49,'[1]Pivot Gioc'!$B:$B,'[1]Pivot Gioc'!$T:$T)) -> 94.5
B50: Zaniolo | C50: =_xlfn.IFNA(_xlfn.XLOOKUP(B50,'[1]ROSE SQUADRE'!$N:$N,'[1]ROSE SQUADRE'!$O:$O),"") -> APPAREGGIATO | D50: =_xlfn.XLOOKUP($B50,'[1]Pivot Gioc'!$B:$B,'[1]Pivot Gioc'!$Q:$Q,"") -> 5 | E50: =_xlfn.XLOOKUP($B50,'[1]Pivot Gioc'!$B:$B,'[1]Pivot Gioc'!$N:$N,"") -> 5 | F50: =_xlfn.XLOOKUP($B50,'[1]Pivot Gioc'!$B:$B,'[1]Pivot Gioc'!$J:$J,"") -> 0 | G50: =_xlfn.XLOOKUP($B50,'[1]Pivot Gioc'!$B:$B,'[1]Pivot Gioc'!$I:$I,"") -> 0 | H50: =_xlfn.XLOOKUP($B50,'[1]Pivot Gioc'!$B:$B,'[1]Pivot Gioc'!$H:$H,"") -> 0 | I50: =_xlfn.XLOOKUP($B50,'[1]Pivot Gioc'!$B:$B,'[1]Pivot Gioc'!$P:$P,"") -> 0 | J50: =_xlfn.XLOOKUP($B50,'[1]Pivot Gioc'!$B:$B,'[1]Pivot Gioc'!$L:$L,"") -> 8 | K50: =_xlfn.XLOOKUP($B50,'[1]Pivot Gioc'!$B:$B,'[1]Pivot Gioc'!$M:$M,"") -> 0 | L50: =_xlfn.XLOOKUP($B50,'[1]Pivot Gioc'!$B:$B,'[1]Pivot Gioc'!$K:$K,"") -> 0 | M50: =_xlfn.XLOOKUP($B50,'[1]Pivot Gioc'!$B:$B,'[1]Pivot Gioc'!$C:$C,"") -> 6.2580645 | N50: =_xlfn.XLOOKUP($B50,'[1]Pivot Gioc'!$B:$B,'[1]Pivot Gioc'!$D:$D,"") -> 6.8387097 | O50: =_xlfn.XLOOKUP($B50,'[1]Pivot Gioc'!$B:$B,'[1]Pivot Gioc'!$E:$E,"") -> 212 | P50: =IF(_xlfn.XLOOKUP($B50,'[1]Pivot Gioc'!$B:$B,'[1]Pivot Gioc'!$G:$G,"")=0,"",_xlfn.XLOOKUP($B50,'[1]Pivot Gioc'!$B:$B,'[1]Pivot Gioc'!$G:$G)) | Q50: =_xlfn.XLOOKUP(B50,[1]!Tabella4[nome],[1]!Tabella4[PRES]) -> #REF! | R50: =_xlfn.XLOOKUP(B50,[1]!Tabella4[nome],[1]!Tabella4[LEGA TIT]) -> #REF! | S50: =IF(_xlfn.XLOOKUP($B50,'[1]Pivot Gioc'!$B:$B,'[1]Pivot Gioc'!$S:$S)="0,00","",_xlfn.XLOOKUP($B50,'[1]Pivot Gioc'!$B:$B,'[1]Pivot Gioc'!$S:$S)) -> 6.7619048 | T50: =IF(_xlfn.XLOOKUP($B50,'[1]Pivot Gioc'!$B:$B,'[1]Pivot Gioc'!$T:$T)=0,"",_xlfn.XLOOKUP($B50,'[1]Pivot Gioc'!$B:$B,'[1]Pivot Gioc'!$T:$T)) -> 142
A51: C | B51: Isaksen | C51: =_xlfn.IFNA(_xlfn.XLOOKUP(B51,'[1]ROSE SQUADRE'!$N:$N,'[1]ROSE SQUADRE'!$O:$O),"") -> HERTHA VERNELLO | D51: =_xlfn.XLOOKUP($B51,'[1]Pivot Gioc'!$B:$B,'[1]Pivot Gioc'!$Q:$Q,"") -> 5 | E51: =_xlfn.XLOOKUP($B51,'[1]Pivot Gioc'!$B:$B,'[1]Pivot Gioc'!$N:$N,"") -> 1 | F51: =_xlfn.XLOOKUP($B51,'[1]Pivot Gioc'!$B:$B,'[1]Pivot Gioc'!$J:$J,"") -> 0 | G51: =_xlfn.XLOOKUP($B51,'[1]Pivot Gioc'!$B:$B,'[1]Pivot Gioc'!$I:$I,"") -> 0 | H51: =_xlfn.XLOOKUP($B51,'[1]Pivot Gioc'!$B:$B,'[1]Pivot Gioc'!$H:$H,"") -> 0 | I51: =_xlfn.XLOOKUP($B51,'[1]Pivot Gioc'!$B:$B,'[1]Pivot Gioc'!$P:$P,"") -> 0 | J51: =_xlfn.XLOOKUP($B51,'[1]Pivot Gioc'!$B:$B,'[1]Pivot Gioc'!$L:$L,"") -> 0 | K51: =_xlfn.XLOOKUP($B51,'[1]Pivot Gioc'!$B:$B,'[1]Pivot Gioc'!$M:$M,"") -> 0 | L51: =_xlfn.XLOOKUP($B51,'[1]Pivot Gioc'!$B:$B,'[1]Pivot Gioc'!$K:$K,"") -> 0 | M51: =_xlfn.XLOOKUP($B51,'[1]Pivot Gioc'!$B:$B,'[1]Pivot Gioc'!$C:$C,"") -> 6.037037 | N51: =_xlfn.XLOOKUP($B51,'[1]Pivot Gioc'!$B:$B,'[1]Pivot Gioc'!$D:$D,"") -> 6.7037037 | O51: =_xlfn.XLOOKUP($B51,'[1]Pivot Gioc'!$B:$B,'[1]Pivot Gioc'!$E:$E,"") -> 181 | P51: =IF(_xlfn.XLOOKUP($B51,'[1]Pivot Gioc'!$B:$B,'[1]Pivot Gioc'!$G:$G,"")=0,"",_xlfn.XLOOKUP($B51,'[1]Pivot Gioc'!$B:$B,'[1]Pivot Gioc'!$G:$G)) | Q51: =_xlfn.XLOOKUP(B51,[1]!Tabella4[nome],[1]!Tabella4[PRES]) -> #REF! | R51: =_xlfn.XLOOKUP(B51,[1]!Tabella4[nome],[1]!Tabella4[LEGA TIT]) -> #REF! | S51: =IF(_xlfn.XLOOKUP($B51,'[1]Pivot Gioc'!$B:$B,'[1]Pivot Gioc'!$S:$S)="0,00","",_xlfn.XLOOKUP($B51,'[1]Pivot Gioc'!$B:$B,'[1]Pivot Gioc'!$S:$S)) -> 6.78 | T51: =IF(_xlfn.XLOOKUP($B51,'[1]Pivot Gioc'!$B:$B,'[1]Pivot Gioc'!$T:$T)=0,"",_xlfn.XLOOKUP($B51,'[1]Pivot Gioc'!$B:$B,'[1]Pivot Gioc'!$T:$T)) -> 169.5
B52: Odgaard | C52: =_xlfn.IFNA(_xlfn.XLOOKUP(B52,'[1]ROSE SQUADRE'!$N:$N,'[1]ROSE SQUADRE'!$O:$O),"") -> PARTIZAN DEGRADO | D52: =_xlfn.XLOOKUP($B52,'[1]Pivot Gioc'!$B:$B,'[1]Pivot Gioc'!$Q:$Q,"") -> 5 | E52: =_xlfn.XLOOKUP($B52,'[1]Pivot Gioc'!$B:$B,'[1]Pivot Gioc'!$N:$N,"") -> 1 | F52: =_xlfn.XLOOKUP($B52,'[1]Pivot Gioc'!$B:$B,'[1]Pivot Gioc'!$J:$J,"") -> 0 | G52: =_xlfn.XLOOKUP($B52,'[1]Pivot Gioc'!$B:$B,'[1]Pivot Gioc'!$I:$I,"") -> 0 | H52: =_xlfn.XLOOKUP($B52,'[1]Pivot Gioc'!$B:$B,'[1]Pivot Gioc'!$H:$H,"") -> 0 | I52: =_xlfn.XLOOKUP($B52,'[1]Pivot Gioc'!$B:$B,'[1]Pivot Gioc'!$P:$P,"") -> 0 | J52: =_xlfn.XLOOKUP($B52,'[1]Pivot Gioc'!$B:$B,'[1]Pivot Gioc'!$L:$L,"") -> 1 | K52: =_xlfn.XLOOKUP($B52,'[1]Pivot Gioc'!$B:$B,'[1]Pivot Gioc'!$M:$M,"") -> 0 | L52: =_xlfn.XLOOKUP($B52,'[1]Pivot Gioc'!$B:$B,'[1]Pivot Gioc'!$K:$K,"") -> 0 | M52: =_xlfn.XLOOKUP($B52,'[1]Pivot Gioc'!$B:$B,'[1]Pivot Gioc'!$C:$C,"") -> 5.95 | N52: =_xlfn.XLOOKUP($B52,'[1]Pivot Gioc'!$B:$B,'[1]Pivot Gioc'!$D:$D,"") -> 6.775 | O52: =_xlfn.XLOOKUP($B52,'[1]Pivot Gioc'!$B:$B,'[1]Pivot Gioc'!$E:$E,"") -> 135.5 | P52: =IF(_xlfn.XLOOKUP($B52,'[1]Pivot Gioc'!$B:$B,'[1]Pivot Gioc'!$G:$G,"")=0,"",_xlfn.XLOOKUP($B52,'[1]Pivot Gioc'!$B:$B,'[1]Pivot Gioc'!$G:$G)) | Q52: =_xlfn.XLOOKUP(B52,[1]!Tabella4[nome],[1]!Tabella4[PRES]) -> #REF! | R52: =_xlfn.XLOOKUP(B52,[1]!Tabella4[nome],[1]!Tabella4[LEGA TIT]) -> #REF! | S52: =IF(_xlfn.XLOOKUP($B52,'[1]Pivot Gioc'!$B:$B,'[1]Pivot Gioc'!$S:$S)="0,00","",_xlfn.XLOOKUP($B52,'[1]Pivot Gioc'!$B:$B,'[1]Pivot Gioc'!$S:$S)) -> 7.0588235 | T52: =IF(_xlfn.XLOOKUP($B52,'[1]Pivot Gioc'!$B:$B,'[1]Pivot Gioc'!$T:$T)=0,"",_xlfn.XLOOKUP($B52,'[1]Pivot Gioc'!$B:$B,'[1]Pivot Gioc'!$T:$T)) -> 120
B53: Soulè | C53: =_xlfn.IFNA(_xlfn.XLOOKUP(B53,'[1]ROSE SQUADRE'!$N:$N,'[1]ROSE SQUADRE'!$O:$O),"") -> PARTIZAN DEGRADO | D53: =_xlfn.XLOOKUP($B53,'[1]Pivot Gioc'!$B:$B,'[1]Pivot Gioc'!$Q:$Q,"") -> 5 | E53: =_xlfn.XLOOKUP($B53,'[1]Pivot Gioc'!$B:$B,'[1]Pivot Gioc'!$N:$N,"") -> 5 | F53: =_xlfn.XLOOKUP($B53,'[1]Pivot Gioc'!$B:$B,'[1]Pivot Gioc'!$J:$J,"") -> 0 | G53: =_xlfn.XLOOKUP($B53,'[1]Pivot Gioc'!$B:$B,'[1]Pivot Gioc'!$I:$I,"") -> 0 | H53: =_xlfn.XLOOKUP($B53,'[1]Pivot Gioc'!$B:$B,'[1]Pivot Gioc'!$H:$H,"") -> 0 | I53: =_xlfn.XLOOKUP($B53,'[1]Pivot Gioc'!$B:$B,'[1]Pivot Gioc'!$P:$P,"") -> 0 | J53: =_xlfn.XLOOKUP($B53,'[1]Pivot Gioc'!$B:$B,'[1]Pivot Gioc'!$L:$L,"") -> 1 | K53: =_xlfn.XLOOKUP($B53,'[1]Pivot Gioc'!$B:$B,'[1]Pivot Gioc'!$M:$M,"") -> 0 | L53: =_xlfn.XLOOKUP($B53,'[1]Pivot Gioc'!$B:$B,'[1]Pivot Gioc'!$K:$K,"") -> 0 | M53: =_xlfn.XLOOKUP($B53,'[1]Pivot Gioc'!$B:$B,'[1]Pivot Gioc'!$C:$C,"") -> 6.1333333 | N53: =_xlfn.XLOOKUP($B53,'[1]Pivot Gioc'!$B:$B,'[1]Pivot Gioc'!$D:$D,"") -> 6.7833333 | O53: =_xlfn.XLOOKUP($B53,'[1]Pivot Gioc'!$B:$B,'[1]Pivot Gioc'!$E:$E,"") -> 203.5 | P53: =IF(_xlfn.XLOOKUP($B53,'[1]Pivot Gioc'!$B:$B,'[1]Pivot Gioc'!$G:$G,"")=0,"",_xlfn.XLOOKUP($B53,'[1]Pivot Gioc'!$B:$B,'[1]Pivot Gioc'!$G:$G)) | Q53: =_xlfn.XLOOKUP(B53,[1]!Tabella4[nome],[1]!Tabella4[PRES]) -> #REF! | R53: =_xlfn.XLOOKUP(B53,[1]!Tabella4[nome],[1]!Tabella4[LEGA TIT]) -> #REF! | S53: =IF(_xlfn.XLOOKUP($B53,'[1]Pivot Gioc'!$B:$B,'[1]Pivot Gioc'!$S:$S)="0,00","",_xlfn.XLOOKUP($B53,'[1]Pivot Gioc'!$B:$B,'[1]Pivot Gioc'!$S:$S)) -> 7 | T53: =IF(_xlfn.XLOOKUP($B53,'[1]Pivot Gioc'!$B:$B,'[1]Pivot Gioc'!$T:$T)=0,"",_xlfn.XLOOKUP($B53,'[1]Pivot Gioc'!$B:$B,'[1]Pivot Gioc'!$T:$T)) -> 175
B54: Ostigard | C54: =_xlfn.IFNA(_xlfn.XLOOKUP(B54,'[1]ROSE SQUADRE'!$N:$N,'[1]ROSE SQUADRE'!$O:$O),"") -> PESCICULINI FC | D54: =_xlfn.XLOOKUP($B54,'[1]Pivot Gioc'!$B:$B,'[1]Pivot Gioc'!$Q:$Q,"") -> 5 | E54: =_xlfn.XLOOKUP($B54,'[1]Pivot Gioc'!$B:$B,'[1]Pivot Gioc'!$N:$N,"") -> 0 | F54: =_xlfn.XLOOKUP($B54,'[1]Pivot Gioc'!$B:$B,'[1]Pivot Gioc'!$J:$J,"") -> 0 | G54: =_xlfn.XLOOKUP($B54,'[1]Pivot Gioc'!$B:$B,'[1]Pivot Gioc'!$I:$I,"") -> 0 | H54: =_xlfn.XLOOKUP($B54,'[1]Pivot Gioc'!$B:$B,'[1]Pivot Gioc'!$H:$H,"") -> 0 | I54: =_xlfn.XLOOKUP($B54,'[1]Pivot Gioc'!$B:$B,'[1]Pivot Gioc'!$P:$P,"") -> 0 | J54: =_xlfn.XLOOKUP($B54,'[1]Pivot Gioc'!$B:$B,'[1]Pivot Gioc'!$L:$L,"") -> 6 | K54: =_xlfn.XLOOKUP($B54,'[1]Pivot Gioc'!$B:$B,'[1]Pivot Gioc'!$M:$M,"") -> 0 | L54: =_xlfn.XLOOKUP($B54,'[1]Pivot Gioc'!$B:$B,'[1]Pivot Gioc'!$K:$K,"") -> 0 | M54: =_xlfn.XLOOKUP($B54,'[1]Pivot Gioc'!$B:$B,'[1]Pivot Gioc'!$C:$C,"") -> 6.1551724 | N54: =_xlfn.XLOOKUP($B54,'[1]Pivot Gioc'!$B:$B,'[1]Pivot Gioc'!$D:$D,"") -> 6.6034483 | O54: =_xlfn.XLOOKUP($B54,'[1]Pivot Gioc'!$B:$B,'[1]Pivot Gioc'!$E:$E,"") -> 191.5 | P54: =IF(_xlfn.XLOOKUP($B54,'[1]Pivot Gioc'!$B:$B,'[1]Pivot Gioc'!$G:$G,"")=0,"",_xlfn.XLOOKUP($B54,'[1]Pivot Gioc'!$B:$B,'[1]Pivot Gioc'!$G:$G)) | Q54: =_xlfn.XLOOKUP(B54,[1]!Tabella4[nome],[1]!Tabella4[PRES]) -> #REF! | R54: =_xlfn.XLOOKUP(B54,[1]!Tabella4[nome],[1]!Tabella4[LEGA TIT]) -> #REF! | S54: =IF(_xlfn.XLOOKUP($B54,'[1]Pivot Gioc'!$B:$B,'[1]Pivot Gioc'!$S:$S)="0,00","",_xlfn.XLOOKUP($B54,'[1]Pivot Gioc'!$B:$B,'[1]Pivot Gioc'!$S:$S)) -> 6.5 | T54: =IF(_xlfn.XLOOKUP($B54,'[1]Pivot Gioc'!$B:$B,'[1]Pivot Gioc'!$T:$T)=0,"",_xlfn.XLOOKUP($B54,'[1]Pivot Gioc'!$B:$B,'[1]Pivot Gioc'!$T:$T)) -> 6.5
B55: Vitinha O. | C55: =_xlfn.IFNA(_xlfn.XLOOKUP(B55,'[1]ROSE SQUADRE'!$N:$N,'[1]ROSE SQUADRE'!$O:$O),"") -> PESCICULINI FC | D55: =_xlfn.XLOOKUP($B55,'[1]Pivot Gioc'!$B:$B,'[1]Pivot Gioc'!$Q:$Q,"") -> 5 | E55: =_xlfn.XLOOKUP($B55,'[1]Pivot Gioc'!$B:$B,'[1]Pivot Gioc'!$N:$N,"") -> 1 | F55: =_xlfn.XLOOKUP($B55,'[1]Pivot Gioc'!$B:$B,'[1]Pivot Gioc'!$J:$J,"") -> 0 | G55: =_xlfn.XLOOKUP($B55,'[1]Pivot Gioc'!$B:$B,'[1]Pivot Gioc'!$I:$I,"") -> 0 | H55: =_xlfn.XLOOKUP($B55,'[1]Pivot Gioc'!$B:$B,'[1]Pivot Gioc'!$H:$H,"") -> 0 | I55: =_xlfn.XLOOKUP($B55,'[1]Pivot Gioc'!$B:$B,'[1]Pivot Gioc'!$P:$P,"") -> 0 | J55: =_xlfn.XLOOKUP($B55,'[1]Pivot Gioc'!$B:$B,'[1]Pivot Gioc'!$L:$L,"") -> 5 | K55: =_xlfn.XLOOKUP($B55,'[1]Pivot Gioc'!$B:$B,'[1]Pivot Gioc'!$M:$M,"") -> 0 | L55: =_xlfn.XLOOKUP($B55,'[1]Pivot Gioc'!$B:$B,'[1]Pivot Gioc'!$K:$K,"") -> 0 | M55: =_xlfn.XLOOKUP($B55,'[1]Pivot Gioc'!$B:$B,'[1]Pivot Gioc'!$C:$C,"") -> 5.9516129 | N55: =_xlfn.XLOOKUP($B55,'[1]Pivot Gioc'!$B:$B,'[1]Pivot Gioc'!$D:$D,"") -> 6.4193548 | O55: =_xlfn.XLOOKUP($B55,'[1]Pivot Gioc'!$B:$B,'[1]Pivot Gioc'!$E:$E,"") -> 199 | P55: =IF(_xlfn.XLOOKUP($B55,'[1]Pivot Gioc'!$B:$B,'[1]Pivot Gioc'!$G:$G,"")=0,"",_xlfn.XLOOKUP($B55,'[1]Pivot Gioc'!$B:$B,'[1]Pivot Gioc'!$G:$G)) | Q55: =_xlfn.XLOOKUP(B55,[1]!Tabella4[nome],[1]!Tabella4[PRES]) -> #REF! | R55: =_xlfn.XLOOKUP(B55,[1]!Tabella4[nome],[1]!Tabella4[LEGA TIT]) -> #REF! | S55: =IF(_xlfn.XLOOKUP($B55,'[1]Pivot Gioc'!$B:$B,'[1]Pivot Gioc'!$S:$S)="0,00","",_xlfn.XLOOKUP($B55,'[1]Pivot Gioc'!$B:$B,'[1]Pivot Gioc'!$S:$S)) -> 5.75 | T55: =IF(_xlfn.XLOOKUP($B55,'[1]Pivot Gioc'!$B:$B,'[1]Pivot Gioc'!$T:$T)=0,"",_xlfn.XLOOKUP($B55,'[1]Pivot Gioc'!$B:$B,'[1]Pivot Gioc'!$T:$T)) -> 11.5
B56: Pedro | C56: =_xlfn.IFNA(_xlfn.XLOOKUP(B56,'[1]ROSE SQUADRE'!$N:$N,'[1]ROSE SQUADRE'!$O:$O),"") -> SESTO ASENSIO | D56: =_xlfn.XLOOKUP($B56,'[1]Pivot Gioc'!$B:$B,'[1]Pivot Gioc'!$Q:$Q,"") -> 5 | E56: =_xlfn.XLOOKUP($B56,'[1]Pivot Gioc'!$B:$B,'[1]Pivot Gioc'!$N:$N,"") -> 2 | F56: =_xlfn.XLOOKUP($B56,'[1]Pivot Gioc'!$B:$B,'[1]Pivot Gioc'!$J:$J,"") -> 2 | G56: =_xlfn.XLOOKUP($B56,'[1]Pivot Gioc'!$B:$B,'[1]Pivot Gioc'!$I:$I,"") -> 0 | H56: =_xlfn.XLOOKUP($B56,'[1]Pivot Gioc'!$B:$B,'[1]Pivot Gioc'!$H:$H,"") -> 0 | I56: =_xlfn.XLOOKUP($B56,'[1]Pivot Gioc'!$B:$B,'[1]Pivot Gioc'!$P:$P,"") -> 0 | J56: =_xlfn.XLOOKUP($B56,'[1]Pivot Gioc'!$B:$B,'[1]Pivot Gioc'!$L:$L,"") -> 4 | K56: =_xlfn.XLOOKUP($B56,'[1]Pivot Gioc'!$B:$B,'[1]Pivot Gioc'!$M:$M,"") -> 0 | L56: =_xlfn.XLOOKUP($B56,'[1]Pivot Gioc'!$B:$B,'[1]Pivot Gioc'!$K:$K,"") -> 0 | M56: =_xlfn.XLOOKUP($B56,'[1]Pivot Gioc'!$B:$B,'[1]Pivot Gioc'!$C:$C,"") -> 6.1666667 | N56: =_xlfn.XLOOKUP($B56,'[1]Pivot Gioc'!$B:$B,'[1]Pivot Gioc'!$D:$D,"") -> 6.9285714 | O56: =_xlfn.XLOOKUP($B56,'[1]Pivot Gioc'!$B:$B,'[1]Pivot Gioc'!$E:$E,"") -> 145.5 | P56: =IF(_xlfn.XLOOKUP($B56,'[1]Pivot Gioc'!$B:$B,'[1]Pivot Gioc'!$G:$G,"")=0,"",_xlfn.XLOOKUP($B56,'[1]Pivot Gioc'!$B:$B,'[1]Pivot Gioc'!$G:$G)) | Q56: =_xlfn.XLOOKUP(B56,[1]!Tabella4[nome],[1]!Tabella4[PRES]) -> #REF! | R56: =_xlfn.XLOOKUP(B56,[1]!Tabella4[nome],[1]!Tabella4[LEGA TIT]) -> #REF! | S56: =IF(_xlfn.XLOOKUP($B56,'[1]Pivot Gioc'!$B:$B,'[1]Pivot Gioc'!$S:$S)="0,00","",_xlfn.XLOOKUP($B56,'[1]Pivot Gioc'!$B:$B,'[1]Pivot Gioc'!$S:$S)) -> 6.9 | T56: =IF(_xlfn.XLOOKUP($B56,'[1]Pivot Gioc'!$B:$B,'[1]Pivot Gioc'!$T:$T)=0,"",_xlfn.XLOOKUP($B56,'[1]Pivot Gioc'!$B:$B,'[1]Pivot Gioc'!$T:$T)) -> 69
B57: Vlahovic | C57: =_xlfn.IFNA(_xlfn.XLOOKUP(B57,'[1]ROSE SQUADRE'!$N:$N,'[1]ROSE SQUADRE'!$O:$O),"") -> SESTO ASENSIO | D57: =_xlfn.XLOOKUP($B57,'[1]Pivot Gioc'!$B:$B,'[1]Pivot Gioc'!$Q:$Q,"") -> 5 | E57: =_xlfn.XLOOKUP($B57,'[1]Pivot Gioc'!$B:$B,'[1]Pivot Gioc'!$N:$N,"") -> 0 | F57: =_xlfn.XLOOKUP($B57,'[1]Pivot Gioc'!$B:$B,'[1]Pivot Gioc'!$J:$J,"") -> 1 | G57: =_xlfn.XLOOKUP($B57,'[1]Pivot Gioc'!$B:$B,'[1]Pivot Gioc'!$I:$I,"") -> 0 | H57: =_xlfn.XLOOKUP($B57,'[1]Pivot Gioc'!$B:$B,'[1]Pivot Gioc'!$H:$H,"") -> 0 | I57: =_xlfn.XLOOKUP($B57,'[1]Pivot Gioc'!$B:$B,'[1]Pivot Gioc'!$P:$P,"") -> 0 | J57: =_xlfn.XLOOKUP($B57,'[1]Pivot Gioc'!$B:$B,'[1]Pivot Gioc'!$L:$L,"") -> 0 | K57: =_xlfn.XLOOKUP($B57,'[1]Pivot Gioc'!$B:$B,'[1]Pivot Gioc'!$M:$M,"") -> 0 | L57: =_xlfn.XLOOKUP($B57,'[1]Pivot Gioc'!$B:$B,'[1]Pivot Gioc'!$K:$K,"") -> 0 | M57: =_xlfn.XLOOKUP($B57,'[1]Pivot Gioc'!$B:$B,'[1]Pivot Gioc'!$C:$C,"") -> 6.03125 | N57: =_xlfn.XLOOKUP($B57,'[1]Pivot Gioc'!$B:$B,'[1]Pivot Gioc'!$D:$D,"") -> 7.03125 | O57: =_xlfn.XLOOKUP($B57,'[1]Pivot Gioc'!$B:$B,'[1]Pivot Gioc'!$E:$E,"") -> 112.5 | P57: =IF(_xlfn.XLOOKUP($B57,'[1]Pivot Gioc'!$B:$B,'[1]Pivot Gioc'!$G:$G,"")=0,"",_xlfn.XLOOKUP($B57,'[1]Pivot Gioc'!$B:$B,'[1]Pivot Gioc'!$G:$G)) | Q57: =_xlfn.XLOOKUP(B57,[1]!Tabella4[nome],[1]!Tabella4[PRES]) -> #REF! | R57: =_xlfn.XLOOKUP(B57,[1]!Tabella4[nome],[1]!Tabella4[LEGA TIT]) -> #REF! | S57: =IF(_xlfn.XLOOKUP($B57,'[1]Pivot Gioc'!$B:$B,'[1]Pivot Gioc'!$S:$S)="0,00","",_xlfn.XLOOKUP($B57,'[1]Pivot Gioc'!$B:$B,'[1]Pivot Gioc'!$S:$S)) -> 6.55 | T57: =IF(_xlfn.XLOOKUP($B57,'[1]Pivot Gioc'!$B:$B,'[1]Pivot Gioc'!$T:$T)=0,"",_xlfn.XLOOKUP($B57,'[1]Pivot Gioc'!$B:$B,'[1]Pivot Gioc'!$T:$T)) -> 65.5
A58: C | B58: Bernardeschi | C58: =_xlfn.IFNA(_xlfn.XLOOKUP(B58,'[1]ROSE SQUADRE'!$N:$N,'[1]ROSE SQUADRE'!$O:$O),"") | D58: =_xlfn.XLOOKUP($B58,'[1]Pivot Gioc'!$B:$B,'[1]Pivot Gioc'!$Q:$Q,"") -> 4 | E58: =_xlfn.XLOOKUP($B58,'[1]Pivot Gioc'!$B:$B,'[1]Pivot Gioc'!$N:$N,"") -> 2 | F58: =_xlfn.XLOOKUP($B58,'[1]Pivot Gioc'!$B:$B,'[1]Pivot Gioc'!$J:$J,"") -> 1 | G58: =_xlfn.XLOOKUP($B58,'[1]Pivot Gioc'!$B:$B,'[1]Pivot Gioc'!$I:$I,"") -> 0 | H58: =_xlfn.XLOOKUP($B58,'[1]Pivot Gioc'!$B:$B,'[1]Pivot Gioc'!$H:$H,"") -> 0 | I58: =_xlfn.XLOOKUP($B58,'[1]Pivot Gioc'!$B:$B,'[1]Pivot Gioc'!$P:$P,"") -> 0 | J58: =_xlfn.XLOOKUP($B58,'[1]Pivot Gioc'!$B:$B,'[1]Pivot Gioc'!$L:$L,"") -> 3 | K58: =_xlfn.XLOOKUP($B58,'[1]Pivot Gioc'!$B:$B,'[1]Pivot Gioc'!$M:$M,"") -> 0 | L58: =_xlfn.XLOOKUP($B58,'[1]Pivot Gioc'!$B:$B,'[1]Pivot Gioc'!$K:$K,"") -> 0 | M58: =_xlfn.XLOOKUP($B58,'[1]Pivot Gioc'!$B:$B,'[1]Pivot Gioc'!$C:$C,"") -> 6.0416667 | N58: =_xlfn.XLOOKUP($B58,'[1]Pivot Gioc'!$B:$B,'[1]Pivot Gioc'!$D:$D,"") -> 6.6041667 | O58: =_xlfn.XLOOKUP($B58,'[1]Pivot Gioc'!$B:$B,'[1]Pivot Gioc'!$E:$E,"") -> 158.5 | P58: =IF(_xlfn.XLOOKUP($B58,'[1]Pivot Gioc'!$B:$B,'[1]Pivot Gioc'!$G:$G,"")=0,"",_xlfn.XLOOKUP($B58,'[1]Pivot Gioc'!$B:$B,'[1]Pivot Gioc'!$G:$G)) | Q58: =_xlfn.XLOOKUP(B58,[1]!Tabella4[nome],[1]!Tabella4[PRES]) -> #REF! | R58: =_xlfn.XLOOKUP(B58,[1]!Tabella4[nome],[1]!Tabella4[LEGA TIT]) -> #REF! | S58: =IF(_xlfn.XLOOKUP($B58,'[1]Pivot Gioc'!$B:$B,'[1]Pivot Gioc'!$S:$S)="0,00","",_xlfn.XLOOKUP($B58,'[1]Pivot Gioc'!$B:$B,'[1]Pivot Gioc'!$S:$S)) -> 5.75 | T58: =IF(_xlfn.XLOOKUP($B58,'[1]Pivot Gioc'!$B:$B,'[1]Pivot Gioc'!$T:$T)=0,"",_xlfn.XLOOKUP($B58,'[1]Pivot Gioc'!$B:$B,'[1]Pivot Gioc'!$T:$T)) -> 11.5
A59: A | B59: Boga | C59: =_xlfn.IFNA(_xlfn.XLOOKUP(B59,'[1]ROSE SQUADRE'!$N:$N,'[1]ROSE SQUADRE'!$O:$O),"") | D59: =_xlfn.XLOOKUP($B59,'[1]Pivot Gioc'!$B:$B,'[1]Pivot Gioc'!$Q:$Q,"") -> 4 | E59: =_xlfn.XLOOKUP($B59,'[1]Pivot Gioc'!$B:$B,'[1]Pivot Gioc'!$N:$N,"") -> 1 | F59: =_xlfn.XLOOKUP($B59,'[1]Pivot Gioc'!$B:$B,'[1]Pivot Gioc'!$J:$J,"") -> 0 | G59: =_xlfn.XLOOKUP($B59,'[1]Pivot Gioc'!$B:$B,'[1]Pivot Gioc'!$I:$I,"") -> 0 | H59: =_xlfn.XLOOKUP($B59,'[1]Pivot Gioc'!$B:$B,'[1]Pivot Gioc'!$H:$H,"") -> 0 | I59: =_xlfn.XLOOKUP($B59,'[1]Pivot Gioc'!$B:$B,'[1]Pivot Gioc'!$P:$P,"") -> 0 | J59: =_xlfn.XLOOKUP($B59,'[1]Pivot Gioc'!$B:$B,'[1]Pivot Gioc'!$L:$L,"") -> 1 | K59: =_xlfn.XLOOKUP($B59,'[1]Pivot Gioc'!$B:$B,'[1]Pivot Gioc'!$M:$M,"") -> 0 | L59: =_xlfn.XLOOKUP($B59,'[1]Pivot Gioc'!$B:$B,'[1]Pivot Gioc'!$K:$K,"") -> 0 | M59: =_xlfn.XLOOKUP($B59,'[1]Pivot Gioc'!$B:$B,'[1]Pivot Gioc'!$C:$C,"") -> 6.1923077 | N59: =_xlfn.XLOOKUP($B59,'[1]Pivot Gioc'!$B:$B,'[1]Pivot Gioc'!$D:$D,"") -> 7.3076923 | O59: =_xlfn.XLOOKUP($B59,'[1]Pivot Gioc'!$B:$B,'[1]Pivot Gioc'!$E:$E,"") -> 95 | P59: =IF(_xlfn.XLOOKUP($B59,'[1]Pivot Gioc'!$B:$B,'[1]Pivot Gioc'!$G:$G,"")=0,"",_xlfn.XLOOKUP($B59,'[1]Pivot Gioc'!$B:$B,'[1]Pivot Gioc'!$G:$G)) | Q59: =_xlfn.XLOOKUP(B59,[1]!Tabella4[nome],[1]!Tabella4[PRES]) -> #REF! | R59: =_xlfn.XLOOKUP(B59,[1]!Tabella4[nome],[1]!Tabella4[LEGA TIT]) -> #REF! | S59: =IF(_xlfn.XLOOKUP($B59,'[1]Pivot Gioc'!$B:$B,'[1]Pivot Gioc'!$S:$S)="0,00","",_xlfn.XLOOKUP($B59,'[1]Pivot Gioc'!$B:$B,'[1]Pivot Gioc'!$S:$S)) | T59: =IF(_xlfn.XLOOKUP($B59,'[1]Pivot Gioc'!$B:$B,'[1]Pivot Gioc'!$T:$T)=0,"",_xlfn.XLOOKUP($B59,'[1]Pivot Gioc'!$B:$B,'[1]Pivot Gioc'!$T:$T))
A60: A | B60: Bowie | C60: =_xlfn.IFNA(_xlfn.XLOOKUP(B60,'[1]ROSE SQUADRE'!$N:$N,'[1]ROSE SQUADRE'!$O:$O),"") | D60: =_xlfn.XLOOKUP($B60,'[1]Pivot Gioc'!$B:$B,'[1]Pivot Gioc'!$Q:$Q,"") -> 4 | E60: =_xlfn.XLOOKUP($B60,'[1]Pivot Gioc'!$B:$B,'[1]Pivot Gioc'!$N:$N,"") -> 0 | F60: =_xlfn.XLOOKUP($B60,'[1]Pivot Gioc'!$B:$B,'[1]Pivot Gioc'!$J:$J,"") -> 0 | G60: =_xlfn.XLOOKUP($B60,'[1]Pivot Gioc'!$B:$B,'[1]Pivot Gioc'!$I:$I,"") -> 0 | H60: =_xlfn.XLOOKUP($B60,'[1]Pivot Gioc'!$B:$B,'[1]Pivot Gioc'!$H:$H,"") -> 0 | I60: =_xlfn.XLOOKUP($B60,'[1]Pivot Gioc'!$B:$B,'[1]Pivot Gioc'!$P:$P,"") -> 0 | J60: =_xlfn.XLOOKUP($B60,'[1]Pivot Gioc'!$B:$B,'[1]Pivot Gioc'!$L:$L,"") -> 1 | K60: =_xlfn.XLOOKUP($B60,'[1]Pivot Gioc'!$B:$B,'[1]Pivot Gioc'!$M:$M,"") -> 0 | L60: =_xlfn.XLOOKUP($B60,'[1]Pivot Gioc'!$B:$B,'[1]Pivot Gioc'!$K:$K,"") -> 0 | M60: =_xlfn.XLOOKUP($B60,'[1]Pivot Gioc'!$B:$B,'[1]Pivot Gioc'!$C:$C,"") -> 5.9642857 | N60: =_xlfn.XLOOKUP($B60,'[1]Pivot Gioc'!$B:$B,'[1]Pivot Gioc'!$D:$D,"") -> 6.8571429 | O60: =_xlfn.XLOOKUP($B60,'[1]Pivot Gioc'!$B:$B,'[1]Pivot Gioc'!$E:$E,"") -> 96 | P60: =IF(_xlfn.XLOOKUP($B60,'[1]Pivot Gioc'!$B:$B,'[1]Pivot Gioc'!$G:$G,"")=0,"",_xlfn.XLOOKUP($B60,'[1]Pivot Gioc'!$B:$B,'[1]Pivot Gioc'!$G:$G)) | Q60: =_xlfn.XLOOKUP(B60,[1]!Tabella4[nome],[1]!Tabella4[PRES]) -> #REF! | R60: =_xlfn.XLOOKUP(B60,[1]!Tabella4[nome],[1]!Tabella4[LEGA TIT]) -> #REF! | S60: =IF(_xlfn.XLOOKUP($B60,'[1]Pivot Gioc'!$B:$B,'[1]Pivot Gioc'!$S:$S)="0,00","",_xlfn.XLOOKUP($B60,'[1]Pivot Gioc'!$B:$B,'[1]Pivot Gioc'!$S:$S)) | T60: =IF(_xlfn.XLOOKUP($B60,'[1]Pivot Gioc'!$B:$B,'[1]Pivot Gioc'!$T:$T)=0,"",_xlfn.XLOOKUP($B60,'[1]Pivot Gioc'!$B:$B,'[1]Pivot Gioc'!$T:$T))
A61: C | B61: Cheddira | C61: =_xlfn.IFNA(_xlfn.XLOOKUP(B61,'[1]ROSE SQUADRE'!$N:$N,'[1]ROSE SQUADRE'!$O:$O),"") | D61: =_xlfn.XLOOKUP($B61,'[1]Pivot Gioc'!$B:$B,'[1]Pivot Gioc'!$Q:$Q,"") -> 4 | E61: =_xlfn.XLOOKUP($B61,'[1]Pivot Gioc'!$B:$B,'[1]Pivot Gioc'!$N:$N,"") -> 1 | F61: =_xlfn.XLOOKUP($B61,'[1]Pivot Gioc'!$B:$B,'[1]Pivot Gioc'!$J:$J,"") -> 0 | G61: =_xlfn.XLOOKUP($B61,'[1]Pivot Gioc'!$B:$B,'[1]Pivot Gioc'!$I:$I,"") -> 0 | H61: =_xlfn.XLOOKUP($B61,'[1]Pivot Gioc'!$B:$B,'[1]Pivot Gioc'!$H:$H,"") -> 0 | I61: =_xlfn.XLOOKUP($B61,'[1]Pivot Gioc'!$B:$B,'[1]Pivot Gioc'!$P:$P,"") -> 0 | J61: =_xlfn.XLOOKUP($B61,'[1]Pivot Gioc'!$B:$B,'[1]Pivot Gioc'!$L:$L,"") -> 3 | K61: =_xlfn.XLOOKUP($B61,'[1]Pivot Gioc'!$B:$B,'[1]Pivot Gioc'!$M:$M,"") -> 0 | L61: =_xlfn.XLOOKUP($B61,'[1]Pivot Gioc'!$B:$B,'[1]Pivot Gioc'!$K:$K,"") -> 0 | M61: =_xlfn.XLOOKUP($B61,'[1]Pivot Gioc'!$B:$B,'[1]Pivot Gioc'!$C:$C,"") -> 5.82 | N61: =_xlfn.XLOOKUP($B61,'[1]Pivot Gioc'!$B:$B,'[1]Pivot Gioc'!$D:$D,"") -> 6.32 | O61: =_xlfn.XLOOKUP($B61,'[1]Pivot Gioc'!$B:$B,'[1]Pivot Gioc'!$E:$E,"") -> 158 | P61: =IF(_xlfn.XLOOKUP($B61,'[1]Pivot Gioc'!$B:$B,'[1]Pivot Gioc'!$G:$G,"")=0,"",_xlfn.XLOOKUP($B61,'[1]Pivot Gioc'!$B:$B,'[1]Pivot Gioc'!$G:$G)) | Q61: =_xlfn.XLOOKUP(B61,[1]!Tabella4[nome],[1]!Tabella4[PRES]) -> #REF! | R61: =_xlfn.XLOOKUP(B61,[1]!Tabella4[nome],[1]!Tabella4[LEGA TIT]) -> #REF! | S61: =IF(_xlfn.XLOOKUP($B61,'[1]Pivot Gioc'!$B:$B,'[1]Pivot Gioc'!$S:$S)="0,00","",_xlfn.XLOOKUP($B61,'[1]Pivot Gioc'!$B:$B,'[1]Pivot Gioc'!$S:$S)) | T61: =IF(_xlfn.XLOOKUP($B61,'[1]Pivot Gioc'!$B:$B,'[1]Pivot Gioc'!$T:$T)=0,"",_xlfn.XLOOKUP($B61,'[1]Pivot Gioc'!$B:$B,'[1]Pivot Gioc'!$T:$T))
A62: D | B62: Ekuban | C62: =_xlfn.IFNA(_xlfn.XLOOKUP(B62,'[1]ROSE SQUADRE'!$N:$N,'[1]ROSE SQUADRE'!$O:$O),"") | D62: =_xlfn.XLOOKUP($B62,'[1]Pivot Gioc'!$B:$B,'[1]Pivot Gioc'!$Q:$Q,"") -> 4 | E62: =_xlfn.XLOOKUP($B62,'[1]Pivot Gioc'!$B:$B,'[1]Pivot Gioc'!$N:$N,"") -> 1 | F62: =_xlfn.XLOOKUP($B62,'[1]Pivot Gioc'!$B:$B,'[1]Pivot Gioc'!$J:$J,"") -> 0 | G62: =_xlfn.XLOOKUP($B62,'[1]Pivot Gioc'!$B:$B,'[1]Pivot Gioc'!$I:$I,"") -> 0 | H62: =_xlfn.XLOOKUP($B62,'[1]Pivot Gioc'!$B:$B,'[1]Pivot Gioc'!$H:$H,"") -> 0 | I62: =_xlfn.XLOOKUP($B62,'[1]Pivot Gioc'!$B:$B,'[1]Pivot Gioc'!$P:$P,"") -> 0 | J62: =_xlfn.XLOOKUP($B62,'[1]Pivot Gioc'!$B:$B,'[1]Pivot Gioc'!$L:$L,"") -> 0 | K62: =_xlfn.XLOOKUP($B62,'[1]Pivot Gioc'!$B:$B,'[1]Pivot Gioc'!$M:$M,"") -> 0 | L62: =_xlfn.XLOOKUP($B62,'[1]Pivot Gioc'!$B:$B,'[1]Pivot Gioc'!$K:$K,"") -> 0 | M62: =_xlfn.XLOOKUP($B62,'[1]Pivot Gioc'!$B:$B,'[1]Pivot Gioc'!$C:$C,"") -> 5.962963 | N62: =_xlfn.XLOOKUP($B62,'[1]Pivot Gioc'!$B:$B,'[1]Pivot Gioc'!$D:$D,"") -> 6.4814815 | O62: =_xlfn.XLOOKUP($B62,'[1]Pivot Gioc'!$B:$B,'[1]Pivot Gioc'!$E:$E,"") -> 175 | P62: =IF(_xlfn.XLOOKUP($B62,'[1]Pivot Gioc'!$B:$B,'[1]Pivot Gioc'!$G:$G,"")=0,"",_xlfn.XLOOKUP($B62,'[1]Pivot Gioc'!$B:$B,'[1]Pivot Gioc'!$G:$G)) | Q62: =_xlfn.XLOOKUP(B62,[1]!Tabella4[nome],[1]!Tabella4[PRES]) -> #REF! | R62: =_xlfn.XLOOKUP(B62,[1]!Tabella4[nome],[1]!Tabella4[LEGA TIT]) -> #REF! | S62: =IF(_xlfn.XLOOKUP($B62,'[1]Pivot Gioc'!$B:$B,'[1]Pivot Gioc'!$S:$S)="0,00","",_xlfn.XLOOKUP($B62,'[1]Pivot Gioc'!$B:$B,'[1]Pivot Gioc'!$S:$S)) | T62: =IF(_xlfn.XLOOKUP($B62,'[1]Pivot Gioc'!$B:$B,'[1]Pivot Gioc'!$T:$T)=0,"",_xlfn.XLOOKUP($B62,'[1]Pivot Gioc'!$B:$B,'[1]Pivot Gioc'!$T:$T))
A63: C | B63: Mkhitaryan | C63: =_xlfn.IFNA(_xlfn.XLOOKUP(B63,'[1]ROSE SQUADRE'!$N:$N,'[1]ROSE SQUADRE'!$O:$O),"") | D63: =_xlfn.XLOOKUP($B63,'[1]Pivot Gioc'!$B:$B,'[1]Pivot Gioc'!$Q:$Q,"") -> 4 | E63: =_xlfn.XLOOKUP($B63,'[1]Pivot Gioc'!$B:$B,'[1]Pivot Gioc'!$N:$N,"") -> 1 | F63: =_xlfn.XLOOKUP($B63,'[1]Pivot Gioc'!$B:$B,'[1]Pivot Gioc'!$J:$J,"") -> 0 | G63: =_xlfn.XLOOKUP($B63,'[1]Pivot Gioc'!$B:$B,'[1]Pivot Gioc'!$I:$I,"") -> 0 | H63: =_xlfn.XLOOKUP($B63,'[1]Pivot Gioc'!$B:$B,'[1]Pivot Gioc'!$H:$H,"") -> 0 | I63: =_xlfn.XLOOKUP($B63,'[1]Pivot Gioc'!$B:$B,'[1]Pivot Gioc'!$P:$P,"") -> 0 | J63: =_xlfn.XLOOKUP($B63,'[1]Pivot Gioc'!$B:$B,'[1]Pivot Gioc'!$L:$L,"") -> 5 | K63: =_xlfn.XLOOKUP($B63,'[1]Pivot Gioc'!$B:$B,'[1]Pivot Gioc'!$M:$M,"") -> 0 | L63: =_xlfn.XLOOKUP($B63,'[1]Pivot Gioc'!$B:$B,'[1]Pivot Gioc'!$K:$K,"") -> 0 | M63: =_xlfn.XLOOKUP($B63,'[1]Pivot Gioc'!$B:$B,'[1]Pivot Gioc'!$C:$C,"") -> 6.2307692 | N63: =_xlfn.XLOOKUP($B63,'[1]Pivot Gioc'!$B:$B,'[1]Pivot Gioc'!$D:$D,"") -> 6.6730769 | O63: =_xlfn.XLOOKUP($B63,'[1]Pivot Gioc'!$B:$B,'[1]Pivot Gioc'!$E:$E,"") -> 173.5 | P63: =IF(_xlfn.XLOOKUP($B63,'[1]Pivot Gioc'!$B:$B,'[1]Pivot Gioc'!$G:$G,"")=0,"",_xlfn.XLOOKUP($B63,'[1]Pivot Gioc'!$B:$B,'[1]Pivot Gioc'!$G:$G)) | Q63: =_xlfn.XLOOKUP(B63,[1]!Tabella4[nome],[1]!Tabella4[PRES]) -> #REF! | R63: =_xlfn.XLOOKUP(B63,[1]!Tabella4[nome],[1]!Tabella4[LEGA TIT]) -> #REF! | S63: =IF(_xlfn.XLOOKUP($B63,'[1]Pivot Gioc'!$B:$B,'[1]Pivot Gioc'!$S:$S)="0,00","",_xlfn.XLOOKUP($B63,'[1]Pivot Gioc'!$B:$B,'[1]Pivot Gioc'!$S:$S)) | T63: =IF(_xlfn.XLOOKUP($B63,'[1]Pivot Gioc'!$B:$B,'[1]Pivot Gioc'!$T:$T)=0,"",_xlfn.XLOOKUP($B63,'[1]Pivot Gioc'!$B:$B,'[1]Pivot Gioc'!$T:$T))
B64: Noslin | C64: =_xlfn.IFNA(_xlfn.XLOOKUP(B64,'[1]ROSE SQUADRE'!$N:$N,'[1]ROSE SQUADRE'!$O:$O),"") | D64: =_xlfn.XLOOKUP($B64,'[1]Pivot Gioc'!$B:$B,'[1]Pivot Gioc'!$Q:$Q,"") -> 4 | E64: =_xlfn.XLOOKUP($B64,'[1]Pivot Gioc'!$B:$B,'[1]Pivot Gioc'!$N:$N,"") -> 2 | F64: =_xlfn.XLOOKUP($B64,'[1]Pivot Gioc'!$B:$B,'[1]Pivot Gioc'!$J:$J,"") -> 0 | G64: =_xlfn.XLOOKUP($B64,'[1]Pivot Gioc'!$B:$B,'[1]Pivot Gioc'!$I:$I,"") -> 0 | H64: =_xlfn.XLOOKUP($B64,'[1]Pivot Gioc'!$B:$B,'[1]Pivot Gioc'!$H:$H,"") -> 0 | I64: =_xlfn.XLOOKUP($B64,'[1]Pivot Gioc'!$B:$B,'[1]Pivot Gioc'!$P:$P,"") -> 0 | J64: =_xlfn.XLOOKUP($B64,'[1]Pivot Gioc'!$B:$B,'[1]Pivot Gioc'!$L:$L,"") -> 4 | K64: =_xlfn.XLOOKUP($B64,'[1]Pivot Gioc'!$B:$B,'[1]Pivot Gioc'!$M:$M,"") -> 1 | L64: =_xlfn.XLOOKUP($B64,'[1]Pivot Gioc'!$B:$B,'[1]Pivot Gioc'!$K:$K,"") -> 0 | M64: =_xlfn.XLOOKUP($B64,'[1]Pivot Gioc'!$B:$B,'[1]Pivot Gioc'!$C:$C,"") -> 6.0217391 | N64: =_xlfn.XLOOKUP($B64,'[1]Pivot Gioc'!$B:$B,'[1]Pivot Gioc'!$D:$D,"") -> 6.5869565 | O64: =_xlfn.XLOOKUP($B64,'[1]Pivot Gioc'!$B:$B,'[1]Pivot Gioc'!$E:$E,"") -> 151.5 | P64: =IF(_xlfn.XLOOKUP($B64,'[1]Pivot Gioc'!$B:$B,'[1]Pivot Gioc'!$G:$G,"")=0,"",_xlfn.XLOOKUP($B64,'[1]Pivot Gioc'!$B:$B,'[1]Pivot Gioc'!$G:$G)) | Q64: =_xlfn.XLOOKUP(B64,[1]!Tabella4[nome],[1]!Tabella4[PRES]) -> #REF! | R64: =_xlfn.XLOOKUP(B64,[1]!Tabella4[nome],[1]!Tabella4[LEGA TIT]) -> #REF! | S64: =IF(_xlfn.XLOOKUP($B64,'[1]Pivot Gioc'!$B:$B,'[1]Pivot Gioc'!$S:$S)="0,00","",_xlfn.XLOOKUP($B64,'[1]Pivot Gioc'!$B:$B,'[1]Pivot Gioc'!$S:$S)) | T64: =IF(_xlfn.XLOOKUP($B64,'[1]Pivot Gioc'!$B:$B,'[1]Pivot Gioc'!$T:$T)=0,"",_xlfn.XLOOKUP($B64,'[1]Pivot Gioc'!$B:$B,'[1]Pivot Gioc'!$T:$T))
B65: Nzola | C65: =_xlfn.IFNA(_xlfn.XLOOKUP(B65,'[1]ROSE SQUADRE'!$N:$N,'[1]ROSE SQUADRE'!$O:$O),"") | D65: =_xlfn.XLOOKUP($B65,'[1]Pivot Gioc'!$B:$B,'[1]Pivot Gioc'!$Q:$Q,"") -> 4 | E65: =_xlfn.XLOOKUP($B65,'[1]Pivot Gioc'!$B:$B,'[1]Pivot Gioc'!$N:$N,"") -> 1 | F65: =_xlfn.XLOOKUP($B65,'[1]Pivot Gioc'!$B:$B,'[1]Pivot Gioc'!$J:$J,"") -> 2 | G65: =_xlfn.XLOOKUP($B65,'[1]Pivot Gioc'!$B:$B,'[1]Pivot Gioc'!$I:$I,"") -> 1 | H65: =_xlfn.XLOOKUP($B65,'[1]Pivot Gioc'!$B:$B,'[1]Pivot Gioc'!$H:$H,"") -> 0 | I65: =_xlfn.XLOOKUP($B65,'[1]Pivot Gioc'!$B:$B,'[1]Pivot Gioc'!$P:$P,"") -> 0 | J65: =_xlfn.XLOOKUP($B65,'[1]Pivot Gioc'!$B:$B,'[1]Pivot Gioc'!$L:$L,"") -> 2 | K65: =_xlfn.XLOOKUP($B65,'[1]Pivot Gioc'!$B:$B,'[1]Pivot Gioc'!$M:$M,"") -> 1 | L65: =_xlfn.XLOOKUP($B65,'[1]Pivot Gioc'!$B:$B,'[1]Pivot Gioc'!$K:$K,"") -> 0 | M65: =_xlfn.XLOOKUP($B65,'[1]Pivot Gioc'!$B:$B,'[1]Pivot Gioc'!$C:$C,"") -> 5.98 | N65: =_xlfn.XLOOKUP($B65,'[1]Pivot Gioc'!$B:$B,'[1]Pivot Gioc'!$D:$D,"") -> 6.34 | O65: =_xlfn.XLOOKUP($B65,'[1]Pivot Gioc'!$B:$B,'[1]Pivot Gioc'!$E:$E,"") -> 158.5 | P65: =IF(_xlfn.XLOOKUP($B65,'[1]Pivot Gioc'!$B:$B,'[1]Pivot Gioc'!$G:$G,"")=0,"",_xlfn.XLOOKUP($B65,'[1]Pivot Gioc'!$B:$B,'[1]Pivot Gioc'!$G:$G)) | Q65: =_xlfn.XLOOKUP(B65,[1]!Tabella4[nome],[1]!Tabella4[PRES]) -> #REF! | R65: =_xlfn.XLOOKUP(B65,[1]!Tabella4[nome],[1]!Tabella4[LEGA TIT]) -> #REF! | S65: =IF(_xlfn.XLOOKUP($B65,'[1]Pivot Gioc'!$B:$B,'[1]Pivot Gioc'!$S:$S)="0,00","",_xlfn.XLOOKUP($B65,'[1]Pivot Gioc'!$B:$B,'[1]Pivot Gioc'!$S:$S)) | T65: =IF(_xlfn.XLOOKUP($B65,'[1]Pivot Gioc'!$B:$B,'[1]Pivot Gioc'!$T:$T)=0,"",_xlfn.XLOOKUP($B65,'[1]Pivot Gioc'!$B:$B,'[1]Pivot Gioc'!$T:$T))
B66: Santos A. | C66: =_xlfn.IFNA(_xlfn.XLOOKUP(B66,'[1]ROSE SQUADRE'!$N:$N,'[1]ROSE SQUADRE'!$O:$O),"") | D66: =_xlfn.XLOOKUP($B66,'[1]Pivot Gioc'!$B:$B,'[1]Pivot Gioc'!$Q:$Q,"") -> 4 | E66: =_xlfn.XLOOKUP($B66,'[1]Pivot Gioc'!$B:$B,'[1]Pivot Gioc'!$N:$N,"") -> 0 | F66: =_xlfn.XLOOKUP($B66,'[1]Pivot Gioc'!$B:$B,'[1]Pivot Gioc'!$J:$J,"") -> 0 | G66: =_xlfn.XLOOKUP($B66,'[1]Pivot Gioc'!$B:$B,'[1]Pivot Gioc'!$I:$I,"") -> 0 | H66: =_xlfn.XLOOKUP($B66,'[1]Pivot Gioc'!$B:$B,'[1]Pivot Gioc'!$H:$H,"") -> 0 | I66: =_xlfn.XLOOKUP($B66,'[1]Pivot Gioc'!$B:$B,'[1]Pivot Gioc'!$P:$P,"") -> 0 | J66: =_xlfn.XLOOKUP($B66,'[1]Pivot Gioc'!$B:$B,'[1]Pivot Gioc'!$L:$L,"") -> 1 | K66: =_xlfn.XLOOKUP($B66,'[1]Pivot Gioc'!$B:$B,'[1]Pivot Gioc'!$M:$M,"") -> 0 | L66: =_xlfn.XLOOKUP($B66,'[1]Pivot Gioc'!$B:$B,'[1]Pivot Gioc'!$K:$K,"") -> 0 | M66: =_xlfn.XLOOKUP($B66,'[1]Pivot Gioc'!$B:$B,'[1]Pivot Gioc'!$C:$C,"") -> 6.3461538 | N66: =_xlfn.XLOOKUP($B66,'[1]Pivot Gioc'!$B:$B,'[1]Pivot Gioc'!$D:$D,"") -> 7.2307692 | O66: =_xlfn.XLOOKUP($B66,'[1]Pivot Gioc'!$B:$B,'[1]Pivot Gioc'!$E:$E,"") -> 94 | P66: =IF(_xlfn.XLOOKUP($B66,'[1]Pivot Gioc'!$B:$B,'[1]Pivot Gioc'!$G:$G,"")=0,"",_xlfn.XLOOKUP($B66,'[1]Pivot Gioc'!$B:$B,'[1]Pivot Gioc'!$G:$G)) | Q66: =_xlfn.XLOOKUP(B66,[1]!Tabella4[nome],[1]!Tabella4[PRES]) -> #REF! | R66: =_xlfn.XLOOKUP(B66,[1]!Tabella4[nome],[1]!Tabella4[LEGA TIT]) -> #REF! | S66: =IF(_xlfn.XLOOKUP($B66,'[1]Pivot Gioc'!$B:$B,'[1]Pivot Gioc'!$S:$S)="0,00","",_xlfn.XLOOKUP($B66,'[1]Pivot Gioc'!$B:$B,'[1]Pivot Gioc'!$S:$S)) | T66: =IF(_xlfn.XLOOKUP($B66,'[1]Pivot Gioc'!$B:$B,'[1]Pivot Gioc'!$T:$T)=0,"",_xlfn.XLOOKUP($B66,'[1]Pivot Gioc'!$B:$B,'[1]Pivot Gioc'!$T:$T))
B67: Stulic | C67: =_xlfn.IFNA(_xlfn.XLOOKUP(B67,'[1]ROSE SQUADRE'!$N:$N,'[1]ROSE SQUADRE'!$O:$O),"") | D67: =_xlfn.XLOOKUP($B67,'[1]Pivot Gioc'!$B:$B,'[1]Pivot Gioc'!$Q:$Q,"") -> 4 | E67: =_xlfn.XLOOKUP($B67,'[1]Pivot Gioc'!$B:$B,'[1]Pivot Gioc'!$N:$N,"") -> 0 | F67: =_xlfn.XLOOKUP($B67,'[1]Pivot Gioc'!$B:$B,'[1]Pivot Gioc'!$J:$J,"") -> 1 | G67: =_xlfn.XLOOKUP($B67,'[1]Pivot Gioc'!$B:$B,'[1]Pivot Gioc'!$I:$I,"") -> 0 | H67: =_xlfn.XLOOKUP($B67,'[1]Pivot Gioc'!$B:$B,'[1]Pivot Gioc'!$H:$H,"") -> 0 | I67: =_xlfn.XLOOKUP($B67,'[1]Pivot Gioc'!$B:$B,'[1]Pivot Gioc'!$P:$P,"") -> 0 | J67: =_xlfn.XLOOKUP($B67,'[1]Pivot Gioc'!$B:$B,'[1]Pivot Gioc'!$L:$L,"") -> 1 | K67: =_xlfn.XLOOKUP($B67,'[1]Pivot Gioc'!$B:$B,'[1]Pivot Gioc'!$M:$M,"") -> 0 | L67: =_xlfn.XLOOKUP($B67,'[1]Pivot Gioc'!$B:$B,'[1]Pivot Gioc'!$K:$K,"") -> 0 | M67: =_xlfn.XLOOKUP($B67,'[1]Pivot Gioc'!$B:$B,'[1]Pivot Gioc'!$C:$C,"") -> 5.7413793 | N67: =_xlfn.XLOOKUP($B67,'[1]Pivot Gioc'!$B:$B,'[1]Pivot Gioc'!$D:$D,"") -> 6.2413793 | O67: =_xlfn.XLOOKUP($B67,'[1]Pivot Gioc'!$B:$B,'[1]Pivot Gioc'!$E:$E,"") -> 181 | P67: =IF(_xlfn.XLOOKUP($B67,'[1]Pivot Gioc'!$B:$B,'[1]Pivot Gioc'!$G:$G,"")=0,"",_xlfn.XLOOKUP($B67,'[1]Pivot Gioc'!$B:$B,'[1]Pivot Gioc'!$G:$G)) | Q67: =_xlfn.XLOOKUP(B67,[1]!Tabella4[nome],[1]!Tabella4[PRES]) -> #REF! | R67: =_xlfn.XLOOKUP(B67,[1]!Tabella4[nome],[1]!Tabella4[LEGA TIT]) -> #REF! | S67: =IF(_xlfn.XLOOKUP($B67,'[1]Pivot Gioc'!$B:$B,'[1]Pivot Gioc'!$S:$S)="0,00","",_xlfn.XLOOKUP($B67,'[1]Pivot Gioc'!$B:$B,'[1]Pivot Gioc'!$S:$S)) -> 5.625 | T67: =IF(_xlfn.XLOOKUP($B67,'[1]Pivot Gioc'!$B:$B,'[1]Pivot Gioc'!$T:$T)=0,"",_xlfn.XLOOKUP($B67,'[1]Pivot Gioc'!$B:$B,'[1]Pivot Gioc'!$T:$T)) -> 22.5
A68: C | B68: Mancini | C68: =_xlfn.IFNA(_xlfn.XLOOKUP(B68,'[1]ROSE SQUADRE'!$N:$N,'[1]ROSE SQUADRE'!$O:$O),"") -> AC ASPARAGHESE | D68: =_xlfn.XLOOKUP($B68,'[1]Pivot Gioc'!$B:$B,'[1]Pivot Gioc'!$Q:$Q,"") -> 4 | E68: =_xlfn.XLOOKUP($B68,'[1]Pivot Gioc'!$B:$B,'[1]Pivot Gioc'!$N:$N,"") -> 2 | F68: =_xlfn.XLOOKUP($B68,'[1]Pivot Gioc'!$B:$B,'[1]Pivot Gioc'!$J:$J,"") -> 0 | G68: =_xlfn.XLOOKUP($B68,'[1]Pivot Gioc'!$B:$B,'[1]Pivot Gioc'!$I:$I,"") -> 0 | H68: =_xlfn.XLOOKUP($B68,'[1]Pivot Gioc'!$B:$B,'[1]Pivot Gioc'!$H:$H,"") -> 0 | I68: =_xlfn.XLOOKUP($B68,'[1]Pivot Gioc'!$B:$B,'[1]Pivot Gioc'!$P:$P,"") -> 0 | J68: =_xlfn.XLOOKUP($B68,'[1]Pivot Gioc'!$B:$B,'[1]Pivot Gioc'!$L:$L,"") -> 8 | K68: =_xlfn.XLOOKUP($B68,'[1]Pivot Gioc'!$B:$B,'[1]Pivot Gioc'!$M:$M,"") -> 0 | L68: =_xlfn.XLOOKUP($B68,'[1]Pivot Gioc'!$B:$B,'[1]Pivot Gioc'!$K:$K,"") -> 0 | M68: =_xlfn.XLOOKUP($B68,'[1]Pivot Gioc'!$B:$B,'[1]Pivot Gioc'!$C:$C,"") -> 6.25 | N68: =_xlfn.XLOOKUP($B68,'[1]Pivot Gioc'!$B:$B,'[1]Pivot Gioc'!$D:$D,"") -> 6.6029412 | O68: =_xlfn.XLOOKUP($B68,'[1]Pivot Gioc'!$B:$B,'[1]Pivot Gioc'!$E:$E,"") -> 224.5 | P68: =IF(_xlfn.XLOOKUP($B68,'[1]Pivot Gioc'!$B:$B,'[1]Pivot Gioc'!$G:$G,"")=0,"",_xlfn.XLOOKUP($B68,'[1]Pivot Gioc'!$B:$B,'[1]Pivot Gioc'!$G:$G)) | Q68: =_xlfn.XLOOKUP(B68,[1]!Tabella4[nome],[1]!Tabella4[PRES]) -> #REF! | R68: =_xlfn.XLOOKUP(B68,[1]!Tabella4[nome],[1]!Tabella4[LEGA TIT]) -> #REF! | S68: =IF(_xlfn.XLOOKUP($B68,'[1]Pivot Gioc'!$B:$B,'[1]Pivot Gioc'!$S:$S)="0,00","",_xlfn.XLOOKUP($B68,'[1]Pivot Gioc'!$B:$B,'[1]Pivot Gioc'!$S:$S)) -> 6.6451613 | T68: =IF(_xlfn.XLOOKUP($B68,'[1]Pivot Gioc'!$B:$B,'[1]Pivot Gioc'!$T:$T)=0,"",_xlfn.XLOOKUP($B68,'[1]Pivot Gioc'!$B:$B,'[1]Pivot Gioc'!$T:$T)) -> 206
B69: Thorstvedt | C69: =_xlfn.IFNA(_xlfn.XLOOKUP(B69,'[1]ROSE SQUADRE'!$N:$N,'[1]ROSE SQUADRE'!$O:$O),"") -> AC ASPARAGHESE | D69: =_xlfn.XLOOKUP($B69,'[1]Pivot Gioc'!$B:$B,'[1]Pivot Gioc'!$Q:$Q,"") -> 4 | E69: =_xlfn.XLOOKUP($B69,'[1]Pivot Gioc'!$B:$B,'[1]Pivot Gioc'!$N:$N,"") -> 3 | F69: =_xlfn.XLOOKUP($B69,'[1]Pivot Gioc'!$B:$B,'[1]Pivot Gioc'!$J:$J,"") -> 0 | G69: =_xlfn.XLOOKUP($B69,'[1]Pivot Gioc'!$B:$B,'[1]Pivot Gioc'!$I:$I,"") -> 0 | H69: =_xlfn.XLOOKUP($B69,'[1]Pivot Gioc'!$B:$B,'[1]Pivot Gioc'!$H:$H,"") -> 0 | I69: =_xlfn.XLOOKUP($B69,'[1]Pivot Gioc'!$B:$B,'[1]Pivot Gioc'!$P:$P,"") -> 0 | J69: =_xlfn.XLOOKUP($B69,'[1]Pivot Gioc'!$B:$B,'[1]Pivot Gioc'!$L:$L,"") -> 9 | K69: =_xlfn.XLOOKUP($B69,'[1]Pivot Gioc'!$B:$B,'[1]Pivot Gioc'!$M:$M,"") -> 0 | L69: =_xlfn.XLOOKUP($B69,'[1]Pivot Gioc'!$B:$B,'[1]Pivot Gioc'!$K:$K,"") -> 0 | M69: =_xlfn.XLOOKUP($B69,'[1]Pivot Gioc'!$B:$B,'[1]Pivot Gioc'!$C:$C,"") -> 6.1451613 | N69: =_xlfn.XLOOKUP($B69,'[1]Pivot Gioc'!$B:$B,'[1]Pivot Gioc'!$D:$D,"") -> 6.516129 | O69: =_xlfn.XLOOKUP($B69,'[1]Pivot Gioc'!$B:$B,'[1]Pivot Gioc'!$E:$E,"") -> 202 | P69: =IF(_xlfn.XLOOKUP($B69,'[1]Pivot Gioc'!$B:$B,'[1]Pivot Gioc'!$G:$G,"")=0,"",_xlfn.XLOOKUP($B69,'[1]Pivot Gioc'!$B:$B,'[1]Pivot Gioc'!$G:$G)) | Q69: =_xlfn.XLOOKUP(B69,[1]!Tabella4[nome],[1]!Tabella4[PRES]) -> #REF! | R69: =_xlfn.XLOOKUP(B69,[1]!Tabella4[nome],[1]!Tabella4[LEGA TIT]) -> #REF! | S69: =IF(_xlfn.XLOOKUP($B69,'[1]Pivot Gioc'!$B:$B,'[1]Pivot Gioc'!$S:$S)="0,00","",_xlfn.XLOOKUP($B69,'[1]Pivot Gioc'!$B:$B,'[1]Pivot Gioc'!$S:$S)) -> 6.2272727 | T69: =IF(_xlfn.XLOOKUP($B69,'[1]Pivot Gioc'!$B:$B,'[1]Pivot Gioc'!$T:$T)=0,"",_xlfn.XLOOKUP($B69,'[1]Pivot Gioc'!$B:$B,'[1]Pivot Gioc'!$T:$T)) -> 68.5
A70: D | B70: De Bruyne | C70: =_xlfn.IFNA(_xlfn.XLOOKUP(B70,'[1]ROSE SQUADRE'!$N:$N,'[1]ROSE SQUADRE'!$O:$O),"") -> APPAREGGIATO | D70: =_xlfn.XLOOKUP($B70,'[1]Pivot Gioc'!$B:$B,'[1]Pivot Gioc'!$Q:$Q,"") -> 4 | E70: =_xlfn.XLOOKUP($B70,'[1]Pivot Gioc'!$B:$B,'[1]Pivot Gioc'!$N:$N,"") -> 2 | F70: =_xlfn.XLOOKUP($B70,'[1]Pivot Gioc'!$B:$B,'[1]Pivot Gioc'!$J:$J,"") -> 3 | G70: =_xlfn.XLOOKUP($B70,'[1]Pivot Gioc'!$B:$B,'[1]Pivot Gioc'!$I:$I,"") -> 0 | H70: =_xlfn.XLOOKUP($B70,'[1]Pivot Gioc'!$B:$B,'[1]Pivot Gioc'!$H:$H,"") -> 0 | I70: =_xlfn.XLOOKUP($B70,'[1]Pivot Gioc'!$B:$B,'[1]Pivot Gioc'!$P:$P,"") -> 0 | J70: =_xlfn.XLOOKUP($B70,'[1]Pivot Gioc'!$B:$B,'[1]Pivot Gioc'!$L:$L,"") -> 0 | K70: =_xlfn.XLOOKUP($B70,'[1]Pivot Gioc'!$B:$B,'[1]Pivot Gioc'!$M:$M,"") -> 0 | L70: =_xlfn.XLOOKUP($B70,'[1]Pivot Gioc'!$B:$B,'[1]Pivot Gioc'!$K:$K,"") -> 0 | M70: =_xlfn.XLOOKUP($B70,'[1]Pivot Gioc'!$B:$B,'[1]Pivot Gioc'!$C:$C,"") -> 6.2666667 | N70: =_xlfn.XLOOKUP($B70,'[1]Pivot Gioc'!$B:$B,'[1]Pivot Gioc'!$D:$D,"") -> 7.2 | O70: =_xlfn.XLOOKUP($B70,'[1]Pivot Gioc'!$B:$B,'[1]Pivot Gioc'!$E:$E,"") -> 108 | P70: =IF(_xlfn.XLOOKUP($B70,'[1]Pivot Gioc'!$B:$B,'[1]Pivot Gioc'!$G:$G,"")=0,"",_xlfn.XLOOKUP($B70,'[1]Pivot Gioc'!$B:$B,'[1]Pivot Gioc'!$G:$G)) | Q70: =_xlfn.XLOOKUP(B70,[1]!Tabella4[nome],[1]!Tabella4[PRES]) -> #REF! | R70: =_xlfn.XLOOKUP(B70,[1]!Tabella4[nome],[1]!Tabella4[LEGA TIT]) -> #REF! | S70: =IF(_xlfn.XLOOKUP($B70,'[1]Pivot Gioc'!$B:$B,'[1]Pivot Gioc'!$S:$S)="0,00","",_xlfn.XLOOKUP($B70,'[1]Pivot Gioc'!$B:$B,'[1]Pivot Gioc'!$S:$S)) -> 7.3571429 | T70: =IF(_xlfn.XLOOKUP($B70,'[1]Pivot Gioc'!$B:$B,'[1]Pivot Gioc'!$T:$T)=0,"",_xlfn.XLOOKUP($B70,'[1]Pivot Gioc'!$B:$B,'[1]Pivot Gioc'!$T:$T)) -> 103
A71: C | B71: Kilicsoy | C71: =_xlfn.IFNA(_xlfn.XLOOKUP(B71,'[1]ROSE SQUADRE'!$N:$N,'[1]ROSE SQUADRE'!$O:$O),"") -> APPAREGGIATO | D71: =_xlfn.XLOOKUP($B71,'[1]Pivot Gioc'!$B:$B,'[1]Pivot Gioc'!$Q:$Q,"") -> 4 | E71: =_xlfn.XLOOKUP($B71,'[1]Pivot Gioc'!$B:$B,'[1]Pivot Gioc'!$N:$N,"") -> 0 | F71: =_xlfn.XLOOKUP($B71,'[1]Pivot Gioc'!$B:$B,'[1]Pivot Gioc'!$J:$J,"") -> 0 | G71: =_xlfn.XLOOKUP($B71,'[1]Pivot Gioc'!$B:$B,'[1]Pivot Gioc'!$I:$I,"") -> 0 | H71: =_xlfn.XLOOKUP($B71,'[1]Pivot Gioc'!$B:$B,'[1]Pivot Gioc'!$H:$H,"") -> 0 | I71: =_xlfn.XLOOKUP($B71,'[1]Pivot Gioc'!$B:$B,'[1]Pivot Gioc'!$P:$P,"") -> 0 | J71: =_xlfn.XLOOKUP($B71,'[1]Pivot Gioc'!$B:$B,'[1]Pivot Gioc'!$L:$L,"") -> 0 | K71: =_xlfn.XLOOKUP($B71,'[1]Pivot Gioc'!$B:$B,'[1]Pivot Gioc'!$M:$M,"") -> 0 | L71: =_xlfn.XLOOKUP($B71,'[1]Pivot Gioc'!$B:$B,'[1]Pivot Gioc'!$K:$K,"") -> 0 | M71: =_xlfn.XLOOKUP($B71,'[1]Pivot Gioc'!$B:$B,'[1]Pivot Gioc'!$C:$C,"") -> 6.03125 | N71: =_xlfn.XLOOKUP($B71,'[1]Pivot Gioc'!$B:$B,'[1]Pivot Gioc'!$D:$D,"") -> 6.84375 | O71: =_xlfn.XLOOKUP($B71,'[1]Pivot Gioc'!$B:$B,'[1]Pivot Gioc'!$E:$E,"") -> 109.5 | P71: =IF(_xlfn.XLOOKUP($B71,'[1]Pivot Gioc'!$B:$B,'[1]Pivot Gioc'!$G:$G,"")=0,"",_xlfn.XLOOKUP($B71,'[1]Pivot Gioc'!$B:$B,'[1]Pivot Gioc'!$G:$G)) | Q71: =_xlfn.XLOOKUP(B71,[1]!Tabella4[nome],[1]!Tabella4[PRES]) -> #REF! | R71: =_xlfn.XLOOKUP(B71,[1]!Tabella4[nome],[1]!Tabella4[LEGA TIT]) -> #REF! | S71: =IF(_xlfn.XLOOKUP($B71,'[1]Pivot Gioc'!$B:$B,'[1]Pivot Gioc'!$S:$S)="0,00","",_xlfn.XLOOKUP($B71,'[1]Pivot Gioc'!$B:$B,'[1]Pivot Gioc'!$S:$S)) -> 5.4 | T71: =IF(_xlfn.XLOOKUP($B71,'[1]Pivot Gioc'!$B:$B,'[1]Pivot Gioc'!$T:$T)=0,"",_xlfn.XLOOKUP($B71,'[1]Pivot Gioc'!$B:$B,'[1]Pivot Gioc'!$T:$T)) -> 27
B72: Wesley | C72: =_xlfn.IFNA(_xlfn.XLOOKUP(B72,'[1]ROSE SQUADRE'!$N:$N,'[1]ROSE SQUADRE'!$O:$O),"") -> APPAREGGIATO | D72: =_xlfn.XLOOKUP($B72,'[1]Pivot Gioc'!$B:$B,'[1]Pivot Gioc'!$Q:$Q,"") -> 4 | E72: =_xlfn.XLOOKUP($B72,'[1]Pivot Gioc'!$B:$B,'[1]Pivot Gioc'!$N:$N,"") -> 0 | F72: =_xlfn.XLOOKUP($B72,'[1]Pivot Gioc'!$B:$B,'[1]Pivot Gioc'!$J:$J,"") -> 0 | G72: =_xlfn.XLOOKUP($B72,'[1]Pivot Gioc'!$B:$B,'[1]Pivot Gioc'!$I:$I,"") -> 0 | H72: =_xlfn.XLOOKUP($B72,'[1]Pivot Gioc'!$B:$B,'[1]Pivot Gioc'!$H:$H,"") -> 0 | I72: =_xlfn.XLOOKUP($B72,'[1]Pivot Gioc'!$B:$B,'[1]Pivot Gioc'!$P:$P,"") -> 0 | J72: =_xlfn.XLOOKUP($B72,'[1]Pivot Gioc'!$B:$B,'[1]Pivot Gioc'!$L:$L,"") -> 5 | K72: =_xlfn.XLOOKUP($B72,'[1]Pivot Gioc'!$B:$B,'[1]Pivot Gioc'!$M:$M,"") -> 2 | L72: =_xlfn.XLOOKUP($B72,'[1]Pivot Gioc'!$B:$B,'[1]Pivot Gioc'!$K:$K,"") -> 0 | M72: =_xlfn.XLOOKUP($B72,'[1]Pivot Gioc'!$B:$B,'[1]Pivot Gioc'!$C:$C,"") -> 6.0892857 | N72: =_xlfn.XLOOKUP($B72,'[1]Pivot Gioc'!$B:$B,'[1]Pivot Gioc'!$D:$D,"") -> 6.3928571 | O72: =_xlfn.XLOOKUP($B72,'[1]Pivot Gioc'!$B:$B,'[1]Pivot Gioc'!$E:$E,"") -> 179 | P72: =IF(_xlfn.XLOOKUP($B72,'[1]Pivot Gioc'!$B:$B,'[1]Pivot Gioc'!$G:$G,"")=0,"",_xlfn.XLOOKUP($B72,'[1]Pivot Gioc'!$B:$B,'[1]Pivot Gioc'!$G:$G)) | Q72: =_xlfn.XLOOKUP(B72,[1]!Tabella4[nome],[1]!Tabella4[PRES]) -> #REF! | R72: =_xlfn.XLOOKUP(B72,[1]!Tabella4[nome],[1]!Tabella4[LEGA TIT]) -> #REF! | S72: =IF(_xlfn.XLOOKUP($B72,'[1]Pivot Gioc'!$B:$B,'[1]Pivot Gioc'!$S:$S)="0,00","",_xlfn.XLOOKUP($B72,'[1]Pivot Gioc'!$B:$B,'[1]Pivot Gioc'!$S:$S)) -> 6.4074074 | T72: =IF(_xlfn.XLOOKUP($B72,'[1]Pivot Gioc'!$B:$B,'[1]Pivot Gioc'!$T:$T)=0,"",_xlfn.XLOOKUP($B72,'[1]Pivot Gioc'!$B:$B,'[1]Pivot Gioc'!$T:$T)) -> 173
A73: D | B73: Cancellieri | C73: =_xlfn.IFNA(_xlfn.XLOOKUP(B73,'[1]ROSE SQUADRE'!$N:$N,'[1]ROSE SQUADRE'!$O:$O),"") -> ATL IMPROVVISATO | D73: =_xlfn.XLOOKUP($B73,'[1]Pivot Gioc'!$B:$B,'[1]Pivot Gioc'!$Q:$Q,"") -> 4 | E73: =_xlfn.XLOOKUP($B73,'[1]Pivot Gioc'!$B:$B,'[1]Pivot Gioc'!$N:$N,"") -> 1 | F73: =_xlfn.XLOOKUP($B73,'[1]Pivot Gioc'!$B:$B,'[1]Pivot Gioc'!$J:$J,"") -> 0 | G73: =_xlfn.XLOOKUP($B73,'[1]Pivot Gioc'!$B:$B,'[1]Pivot Gioc'!$I:$I,"") -> 0 | H73: =_xlfn.XLOOKUP($B73,'[1]Pivot Gioc'!$B:$B,'[1]Pivot Gioc'!$H:$H,"") -> 0 | I73: =_xlfn.XLOOKUP($B73,'[1]Pivot Gioc'!$B:$B,'[1]Pivot Gioc'!$P:$P,"") -> 0 | J73: =_xlfn.XLOOKUP($B73,'[1]Pivot Gioc'!$B:$B,'[1]Pivot Gioc'!$L:$L,"") -> 6 | K73: =_xlfn.XLOOKUP($B73,'[1]Pivot Gioc'!$B:$B,'[1]Pivot Gioc'!$M:$M,"") -> 0 | L73: =_xlfn.XLOOKUP($B73,'[1]Pivot Gioc'!$B:$B,'[1]Pivot Gioc'!$K:$K,"") -> 0 | M73: =_xlfn.XLOOKUP($B73,'[1]Pivot Gioc'!$B:$B,'[1]Pivot Gioc'!$C:$C,"") -> 5.9423077 | N73: =_xlfn.XLOOKUP($B73,'[1]Pivot Gioc'!$B:$B,'[1]Pivot Gioc'!$D:$D,"") -> 6.4038462 | O73: =_xlfn.XLOOKUP($B73,'[1]Pivot Gioc'!$B:$B,'[1]Pivot Gioc'!$E:$E,"") -> 166.5 | P73: =IF(_xlfn.XLOOKUP($B73,'[1]Pivot Gioc'!$B:$B,'[1]Pivot Gioc'!$G:$G,"")=0,"",_xlfn.XLOOKUP($B73,'[1]Pivot Gioc'!$B:$B,'[1]Pivot Gioc'!$G:$G)) | Q73: =_xlfn.XLOOKUP(B73,[1]!Tabella4[nome],[1]!Tabella4[PRES]) -> #REF! | R73: =_xlfn.XLOOKUP(B73,[1]!Tabella4[nome],[1]!Tabella4[LEGA TIT]) -> #REF! | S73: =IF(_xlfn.XLOOKUP($B73,'[1]Pivot Gioc'!$B:$B,'[1]Pivot Gioc'!$S:$S)="0,00","",_xlfn.XLOOKUP($B73,'[1]Pivot Gioc'!$B:$B,'[1]Pivot Gioc'!$S:$S)) -> 6 | T73: =IF(_xlfn.XLOOKUP($B73,'[1]Pivot Gioc'!$B:$B,'[1]Pivot Gioc'!$T:$T)=0,"",_xlfn.XLOOKUP($B73,'[1]Pivot Gioc'!$B:$B,'[1]Pivot Gioc'!$T:$T)) -> 90
B74: Pavlovic | C74: =_xlfn.IFNA(_xlfn.XLOOKUP(B74,'[1]ROSE SQUADRE'!$N:$N,'[1]ROSE SQUADRE'!$O:$O),"") -> ATL IMPROVVISATO | D74: =_xlfn.XLOOKUP($B74,'[1]Pivot Gioc'!$B:$B,'[1]Pivot Gioc'!$Q:$Q,"") -> 4 | E74: =_xlfn.XLOOKUP($B74,'[1]Pivot Gioc'!$B:$B,'[1]Pivot Gioc'!$N:$N,"") -> 0 | F74: =_xlfn.XLOOKUP($B74,'[1]Pivot Gioc'!$B:$B,'[1]Pivot Gioc'!$J:$J,"") -> 0 | G74: =_xlfn.XLOOKUP($B74,'[1]Pivot Gioc'!$B:$B,'[1]Pivot Gioc'!$I:$I,"") -> 0 | H74: =_xlfn.XLOOKUP($B74,'[1]Pivot Gioc'!$B:$B,'[1]Pivot Gioc'!$H:$H,"") -> 0 | I74: =_xlfn.XLOOKUP($B74,'[1]Pivot Gioc'!$B:$B,'[1]Pivot Gioc'!$P:$P,"") -> 0 | J74: =_xlfn.XLOOKUP($B74,'[1]Pivot Gioc'!$B:$B,'[1]Pivot Gioc'!$L:$L,"") -> 4 | K74: =_xlfn.XLOOKUP($B74,'[1]Pivot Gioc'!$B:$B,'[1]Pivot Gioc'!$M:$M,"") -> 0 | L74: =_xlfn.XLOOKUP($B74,'[1]Pivot Gioc'!$B:$B,'[1]Pivot Gioc'!$K:$K,"") -> 0 | M74: =_xlfn.XLOOKUP($B74,'[1]Pivot Gioc'!$B:$B,'[1]Pivot Gioc'!$C:$C,"") -> 6.21875 | N74: =_xlfn.XLOOKUP($B74,'[1]Pivot Gioc'!$B:$B,'[1]Pivot Gioc'!$D:$D,"") -> 6.59375 | O74: =_xlfn.XLOOKUP($B74,'[1]Pivot Gioc'!$B:$B,'[1]Pivot Gioc'!$E:$E,"") -> 211 | P74: =IF(_xlfn.XLOOKUP($B74,'[1]Pivot Gioc'!$B:$B,'[1]Pivot Gioc'!$G:$G,"")=0,"",_xlfn.XLOOKUP($B74,'[1]Pivot Gioc'!$B:$B,'[1]Pivot Gioc'!$G:$G)) | Q74: =_xlfn.XLOOKUP(B74,[1]!Tabella4[nome],[1]!Tabella4[PRES]) -> #REF! | R74: =_xlfn.XLOOKUP(B74,[1]!Tabella4[nome],[1]!Tabella4[LEGA TIT]) -> #REF! | S74: =IF(_xlfn.XLOOKUP($B74,'[1]Pivot Gioc'!$B:$B,'[1]Pivot Gioc'!$S:$S)="0,00","",_xlfn.XLOOKUP($B74,'[1]Pivot Gioc'!$B:$B,'[1]Pivot Gioc'!$S:$S)) -> 6.52 | T74: =IF(_xlfn.XLOOKUP($B74,'[1]Pivot Gioc'!$B:$B,'[1]Pivot Gioc'!$T:$T)=0,"",_xlfn.XLOOKUP($B74,'[1]Pivot Gioc'!$B:$B,'[1]Pivot Gioc'!$T:$T)) -> 163
B75: Piccoli | C75: =_xlfn.IFNA(_xlfn.XLOOKUP(B75,'[1]ROSE SQUADRE'!$N:$N,'[1]ROSE SQUADRE'!$O:$O),"") -> HERTHA VERNELLO | D75: =_xlfn.XLOOKUP($B75,'[1]Pivot Gioc'!$B:$B,'[1]Pivot Gioc'!$Q:$Q,"") -> 4 | E75: =_xlfn.XLOOKUP($B75,'[1]Pivot Gioc'!$B:$B,'[1]Pivot Gioc'!$N:$N,"") -> 1 | F75: =_xlfn.XLOOKUP($B75,'[1]Pivot Gioc'!$B:$B,'[1]Pivot Gioc'!$J:$J,"") -> 0 | G75: =_xlfn.XLOOKUP($B75,'[1]Pivot Gioc'!$B:$B,'[1]Pivot Gioc'!$I:$I,"") -> 0 | H75: =_xlfn.XLOOKUP($B75,'[1]Pivot Gioc'!$B:$B,'[1]Pivot Gioc'!$H:$H,"") -> 0 | I75: =_xlfn.XLOOKUP($B75,'[1]Pivot Gioc'!$B:$B,'[1]Pivot Gioc'!$P:$P,"") -> 0 | J75: =_xlfn.XLOOKUP($B75,'[1]Pivot Gioc'!$B:$B,'[1]Pivot Gioc'!$L:$L,"") -> 1 | K75: =_xlfn.XLOOKUP($B75,'[1]Pivot Gioc'!$B:$B,'[1]Pivot Gioc'!$M:$M,"") -> 0 | L75: =_xlfn.XLOOKUP($B75,'[1]Pivot Gioc'!$B:$B,'[1]Pivot Gioc'!$K:$K,"") -> 0 | M75: =_xlfn.XLOOKUP($B75,'[1]Pivot Gioc'!$B:$B,'[1]Pivot Gioc'!$C:$C,"") -> 5.7692308 | N75: =_xlfn.XLOOKUP($B75,'[1]Pivot Gioc'!$B:$B,'[1]Pivot Gioc'!$D:$D,"") -> 6.3269231 | O75: =_xlfn.XLOOKUP($B75,'[1]Pivot Gioc'!$B:$B,'[1]Pivot Gioc'!$E:$E,"") -> 164.5 | P75: =IF(_xlfn.XLOOKUP($B75,'[1]Pivot Gioc'!$B:$B,'[1]Pivot Gioc'!$G:$G,"")=0,"",_xlfn.XLOOKUP($B75,'[1]Pivot Gioc'!$B:$B,'[1]Pivot Gioc'!$G:$G)) | Q75: =_xlfn.XLOOKUP(B75,[1]!Tabella4[nome],[1]!Tabella4[PRES]) -> #REF! | R75: =_xlfn.XLOOKUP(B75,[1]!Tabella4[nome],[1]!Tabella4[LEGA TIT]) -> #REF! | S75: =IF(_xlfn.XLOOKUP($B75,'[1]Pivot Gioc'!$B:$B,'[1]Pivot Gioc'!$S:$S)="0,00","",_xlfn.XLOOKUP($B75,'[1]Pivot Gioc'!$B:$B,'[1]Pivot Gioc'!$S:$S)) -> 6.0833333 | T75: =IF(_xlfn.XLOOKUP($B75,'[1]Pivot Gioc'!$B:$B,'[1]Pivot Gioc'!$T:$T)=0,"",_xlfn.XLOOKUP($B75,'[1]Pivot Gioc'!$B:$B,'[1]Pivot Gioc'!$T:$T)) -> 36.5
A76: D | B76: Kempf | C76: =_xlfn.IFNA(_xlfn.XLOOKUP(B76,'[1]ROSE SQUADRE'!$N:$N,'[1]ROSE SQUADRE'!$O:$O),"") -> PARTIZAN DEGRADO | D76: =_xlfn.XLOOKUP($B76,'[1]Pivot Gioc'!$B:$B,'[1]Pivot Gioc'!$Q:$Q,"") -> 4 | E76: =_xlfn.XLOOKUP($B76,'[1]Pivot Gioc'!$B:$B,'[1]Pivot Gioc'!$N:$N,"") -> 1 | F76: =_xlfn.XLOOKUP($B76,'[1]Pivot Gioc'!$B:$B,'[1]Pivot Gioc'!$J:$J,"") -> 0 | G76: =_xlfn.XLOOKUP($B76,'[1]Pivot Gioc'!$B:$B,'[1]Pivot Gioc'!$I:$I,"") -> 0 | H76: =_xlfn.XLOOKUP($B76,'[1]Pivot Gioc'!$B:$B,'[1]Pivot Gioc'!$H:$H,"") -> 0 | I76: =_xlfn.XLOOKUP($B76,'[1]Pivot Gioc'!$B:$B,'[1]Pivot Gioc'!$P:$P,"") -> 0 | J76: =_xlfn.XLOOKUP($B76,'[1]Pivot Gioc'!$B:$B,'[1]Pivot Gioc'!$L:$L,"") -> 3 | K76: =_xlfn.XLOOKUP($B76,'[1]Pivot Gioc'!$B:$B,'[1]Pivot Gioc'!$M:$M,"") -> 0 | L76: =_xlfn.XLOOKUP($B76,'[1]Pivot Gioc'!$B:$B,'[1]Pivot Gioc'!$K:$K,"") -> 0 | M76: =_xlfn.XLOOKUP($B76,'[1]Pivot Gioc'!$B:$B,'[1]Pivot Gioc'!$C:$C,"") -> 6.1296296 | N76: =_xlfn.XLOOKUP($B76,'[1]Pivot Gioc'!$B:$B,'[1]Pivot Gioc'!$D:$D,"") -> 6.5925926 | O76: =_xlfn.XLOOKUP($B76,'[1]Pivot Gioc'!$B:$B,'[1]Pivot Gioc'!$E:$E,"") -> 178 | P76: =IF(_xlfn.XLOOKUP($B76,'[1]Pivot Gioc'!$B:$B,'[1]Pivot Gioc'!$G:$G,"")=0,"",_xlfn.XLOOKUP($B76,'[1]Pivot Gioc'!$B:$B,'[1]Pivot Gioc'!$G:$G)) | Q76: =_xlfn.XLOOKUP(B76,[1]!Tabella4[nome],[1]!Tabella4[PRES]) -> #REF! | R76: =_xlfn.XLOOKUP(B76,[1]!Tabella4[nome],[1]!Tabella4[LEGA TIT]) -> #REF! | S76: =IF(_xlfn.XLOOKUP($B76,'[1]Pivot Gioc'!$B:$B,'[1]Pivot Gioc'!$S:$S)="0,00","",_xlfn.XLOOKUP($B76,'[1]Pivot Gioc'!$B:$B,'[1]Pivot Gioc'!$S:$S)) -> 6.3333333 | T76: =IF(_xlfn.XLOOKUP($B76,'[1]Pivot Gioc'!$B:$B,'[1]Pivot Gioc'!$T:$T)=0,"",_xlfn.XLOOKUP($B76,'[1]Pivot Gioc'!$B:$B,'[1]Pivot Gioc'!$T:$T)) -> 38
A77: C | B77: Bonny | C77: =_xlfn.IFNA(_xlfn.XLOOKUP(B77,'[1]ROSE SQUADRE'!$N:$N,'[1]ROSE SQUADRE'!$O:$O),"") -> PESCICULINI FC | D77: =_xlfn.XLOOKUP($B77,'[1]Pivot Gioc'!$B:$B,'[1]Pivot Gioc'!$Q:$Q,"") -> 4 | E77: =_xlfn.XLOOKUP($B77,'[1]Pivot Gioc'!$B:$B,'[1]Pivot Gioc'!$N:$N,"") -> 4 | F77: =_xlfn.XLOOKUP($B77,'[1]Pivot Gioc'!$B:$B,'[1]Pivot Gioc'!$J:$J,"") -> 0 | G77: =_xlfn.XLOOKUP($B77,'[1]Pivot Gioc'!$B:$B,'[1]Pivot Gioc'!$I:$I,"") -> 0 | H77: =_xlfn.XLOOKUP($B77,'[1]Pivot Gioc'!$B:$B,'[1]Pivot Gioc'!$H:$H,"") -> 0 | I77: =_xlfn.XLOOKUP($B77,'[1]Pivot Gioc'!$B:$B,'[1]Pivot Gioc'!$P:$P,"") -> 0 | J77: =_xlfn.XLOOKUP($B77,'[1]Pivot Gioc'!$B:$B,'[1]Pivot Gioc'!$L:$L,"") -> 1 | K77: =_xlfn.XLOOKUP($B77,'[1]Pivot Gioc'!$B:$B,'[1]Pivot Gioc'!$M:$M,"") -> 0 | L77: =_xlfn.XLOOKUP($B77,'[1]Pivot Gioc'!$B:$B,'[1]Pivot Gioc'!$K:$K,"") -> 0 | M77: =_xlfn.XLOOKUP($B77,'[1]Pivot Gioc'!$B:$B,'[1]Pivot Gioc'!$C:$C,"") -> 6.1153846 | N77: =_xlfn.XLOOKUP($B77,'[1]Pivot Gioc'!$B:$B,'[1]Pivot Gioc'!$D:$D,"") -> 6.7884615 | O77: =_xlfn.XLOOKUP($B77,'[1]Pivot Gioc'!$B:$B,'[1]Pivot Gioc'!$E:$E,"") -> 176.5 | P77: =IF(_xlfn.XLOOKUP($B77,'[1]Pivot Gioc'!$B:$B,'[1]Pivot Gioc'!$G:$G,"")=0,"",_xlfn.XLOOKUP($B77,'[1]Pivot Gioc'!$B:$B,'[1]Pivot Gioc'!$G:$G)) | Q77: =_xlfn.XLOOKUP(B77,[1]!Tabella4[nome],[1]!Tabella4[PRES]) -> #REF! | R77: =_xlfn.XLOOKUP(B77,[1]!Tabella4[nome],[1]!Tabella4[LEGA TIT]) -> #REF! | S77: =IF(_xlfn.XLOOKUP($B77,'[1]Pivot Gioc'!$B:$B,'[1]Pivot Gioc'!$S:$S)="0,00","",_xlfn.XLOOKUP($B77,'[1]Pivot Gioc'!$B:$B,'[1]Pivot Gioc'!$S:$S)) -> 6.7954545 | T77: =IF(_xlfn.XLOOKUP($B77,'[1]Pivot Gioc'!$B:$B,'[1]Pivot Gioc'!$T:$T)=0,"",_xlfn.XLOOKUP($B77,'[1]Pivot Gioc'!$B:$B,'[1]Pivot Gioc'!$T:$T)) -> 149.5
B78: Atta | C78: =_xlfn.IFNA(_xlfn.XLOOKUP(B78,'[1]ROSE SQUADRE'!$N:$N,'[1]ROSE SQUADRE'!$O:$O),"") -> SAN GRIA | D78: =_xlfn.XLOOKUP($B78,'[1]Pivot Gioc'!$B:$B,'[1]Pivot Gioc'!$Q:$Q,"") -> 4 | E78: =_xlfn.XLOOKUP($B78,'[1]Pivot Gioc'!$B:$B,'[1]Pivot Gioc'!$N:$N,"") -> 3 | F78: =_xlfn.XLOOKUP($B78,'[1]Pivot Gioc'!$B:$B,'[1]Pivot Gioc'!$J:$J,"") -> 0 | G78: =_xlfn.XLOOKUP($B78,'[1]Pivot Gioc'!$B:$B,'[1]Pivot Gioc'!$I:$I,"") -> 0 | H78: =_xlfn.XLOOKUP($B78,'[1]Pivot Gioc'!$B:$B,'[1]Pivot Gioc'!$H:$H,"") -> 0 | I78: =_xlfn.XLOOKUP($B78,'[1]Pivot Gioc'!$B:$B,'[1]Pivot Gioc'!$P:$P,"") -> 0 | J78: =_xlfn.XLOOKUP($B78,'[1]Pivot Gioc'!$B:$B,'[1]Pivot Gioc'!$L:$L,"") -> 3 | K78: =_xlfn.XLOOKUP($B78,'[1]Pivot Gioc'!$B:$B,'[1]Pivot Gioc'!$M:$M,"") -> 0 | L78: =_xlfn.XLOOKUP($B78,'[1]Pivot Gioc'!$B:$B,'[1]Pivot Gioc'!$K:$K,"") -> 0 | M78: =_xlfn.XLOOKUP($B78,'[1]Pivot Gioc'!$B:$B,'[1]Pivot Gioc'!$C:$C,"") -> 6.3333333 | N78: =_xlfn.XLOOKUP($B78,'[1]Pivot Gioc'!$B:$B,'[1]Pivot Gioc'!$D:$D,"") -> 6.7833333 | O78: =_xlfn.XLOOKUP($B78,'[1]Pivot Gioc'!$B:$B,'[1]Pivot Gioc'!$E:$E,"") -> 203.5 | P78: =IF(_xlfn.XLOOKUP($B78,'[1]Pivot Gioc'!$B:$B,'[1]Pivot Gioc'!$G:$G,"")=0,"",_xlfn.XLOOKUP($B78,'[1]Pivot Gioc'!$B:$B,'[1]Pivot Gioc'!$G:$G)) | Q78: =_xlfn.XLOOKUP(B78,[1]!Tabella4[nome],[1]!Tabella4[PRES]) -> #REF! | R78: =_xlfn.XLOOKUP(B78,[1]!Tabella4[nome],[1]!Tabella4[LEGA TIT]) -> #REF! | S78: =IF(_xlfn.XLOOKUP($B78,'[1]Pivot Gioc'!$B:$B,'[1]Pivot Gioc'!$S:$S)="0,00","",_xlfn.XLOOKUP($B78,'[1]Pivot Gioc'!$B:$B,'[1]Pivot Gioc'!$S:$S)) -> 6.8653846 | T78: =IF(_xlfn.XLOOKUP($B78,'[1]Pivot Gioc'!$B:$B,'[1]Pivot Gioc'!$T:$T)=0,"",_xlfn.XLOOKUP($B78,'[1]Pivot Gioc'!$B:$B,'[1]Pivot Gioc'!$T:$T)) -> 178.5
B79: Bremer | C79: =_xlfn.IFNA(_xlfn.XLOOKUP(B79,'[1]ROSE SQUADRE'!$N:$N,'[1]ROSE SQUADRE'!$O:$O),"") -> SAN GRIA | D79: =_xlfn.XLOOKUP($B79,'[1]Pivot Gioc'!$B:$B,'[1]Pivot Gioc'!$Q:$Q,"") -> 4 | E79: =_xlfn.XLOOKUP($B79,'[1]Pivot Gioc'!$B:$B,'[1]Pivot Gioc'!$N:$N,"") -> 3 | F79: =_xlfn.XLOOKUP($B79,'[1]Pivot Gioc'!$B:$B,'[1]Pivot Gioc'!$J:$J,"") -> 0 | G79: =_xlfn.XLOOKUP($B79,'[1]Pivot Gioc'!$B:$B,'[1]Pivot Gioc'!$I:$I,"") -> 0 | H79: =_xlfn.XLOOKUP($B79,'[1]Pivot Gioc'!$B:$B,'[1]Pivot Gioc'!$H:$H,"") -> 0 | I79: =_xlfn.XLOOKUP($B79,'[1]Pivot Gioc'!$B:$B,'[1]Pivot Gioc'!$P:$P,"") -> 0 | J79: =_xlfn.XLOOKUP($B79,'[1]Pivot Gioc'!$B:$B,'[1]Pivot Gioc'!$L:$L,"") -> 5 | K79: =_xlfn.XLOOKUP($B79,'[1]Pivot Gioc'!$B:$B,'[1]Pivot Gioc'!$M:$M,"") -> 0 | L79: =_xlfn.XLOOKUP($B79,'[1]Pivot Gioc'!$B:$B,'[1]Pivot Gioc'!$K:$K,"") -> 0 | M79: =_xlfn.XLOOKUP($B79,'[1]Pivot Gioc'!$B:$B,'[1]Pivot Gioc'!$C:$C,"") -> 6.3333333 | N79: =_xlfn.XLOOKUP($B79,'[1]Pivot Gioc'!$B:$B,'[1]Pivot Gioc'!$D:$D,"") -> 6.9375 | O79: =_xlfn.XLOOKUP($B79,'[1]Pivot Gioc'!$B:$B,'[1]Pivot Gioc'!$E:$E,"") -> 166.5 | P79: =IF(_xlfn.XLOOKUP($B79,'[1]Pivot Gioc'!$B:$B,'[1]Pivot Gioc'!$G:$G,"")=0,"",_xlfn.XLOOKUP($B79,'[1]Pivot Gioc'!$B:$B,'[1]Pivot Gioc'!$G:$G)) | Q79: =_xlfn.XLOOKUP(B79,[1]!Tabella4[nome],[1]!Tabella4[PRES]) -> #REF! | R79: =_xlfn.XLOOKUP(B79,[1]!Tabella4[nome],[1]!Tabella4[LEGA TIT]) -> #REF! | S79: =IF(_xlfn.XLOOKUP($B79,'[1]Pivot Gioc'!$B:$B,'[1]Pivot Gioc'!$S:$S)="0,00","",_xlfn.XLOOKUP($B79,'[1]Pivot Gioc'!$B:$B,'[1]Pivot Gioc'!$S:$S)) -> 6.6818182 | T79: =IF(_xlfn.XLOOKUP($B79,'[1]Pivot Gioc'!$B:$B,'[1]Pivot Gioc'!$T:$T)=0,"",_xlfn.XLOOKUP($B79,'[1]Pivot Gioc'!$B:$B,'[1]Pivot Gioc'!$T:$T)) -> 147
B80: Pellegrini Lo. | C80: =_xlfn.IFNA(_xlfn.XLOOKUP(B80,'[1]ROSE SQUADRE'!$N:$N,'[1]ROSE SQUADRE'!$O:$O),"") -> SAN GRIA | D80: =_xlfn.XLOOKUP($B80,'[1]Pivot Gioc'!$B:$B,'[1]Pivot Gioc'!$Q:$Q,"") -> 4 | E80: =_xlfn.XLOOKUP($B80,'[1]Pivot Gioc'!$B:$B,'[1]Pivot Gioc'!$N:$N,"") -> 2 | F80: =_xlfn.XLOOKUP($B80,'[1]Pivot Gioc'!$B:$B,'[1]Pivot Gioc'!$J:$J,"") -> 2 | G80: =_xlfn.XLOOKUP($B80,'[1]Pivot Gioc'!$B:$B,'[1]Pivot Gioc'!$I:$I,"") -> 0 | H80: =_xlfn.XLOOKUP($B80,'[1]Pivot Gioc'!$B:$B,'[1]Pivot Gioc'!$H:$H,"") -> 0 | I80: =_xlfn.XLOOKUP($B80,'[1]Pivot Gioc'!$B:$B,'[1]Pivot Gioc'!$P:$P,"") -> 0 | J80: =_xlfn.XLOOKUP($B80,'[1]Pivot Gioc'!$B:$B,'[1]Pivot Gioc'!$L:$L,"") -> 2 | K80: =_xlfn.XLOOKUP($B80,'[1]Pivot Gioc'!$B:$B,'[1]Pivot Gioc'!$M:$M,"") -> 0 | L80: =_xlfn.XLOOKUP($B80,'[1]Pivot Gioc'!$B:$B,'[1]Pivot Gioc'!$K:$K,"") -> 0 | M80: =_xlfn.XLOOKUP($B80,'[1]Pivot Gioc'!$B:$B,'[1]Pivot Gioc'!$C:$C,"") -> 6.0416667 | N80: =_xlfn.XLOOKUP($B80,'[1]Pivot Gioc'!$B:$B,'[1]Pivot Gioc'!$D:$D,"") -> 6.625 | O80: =_xlfn.XLOOKUP($B80,'[1]Pivot Gioc'!$B:$B,'[1]Pivot Gioc'!$E:$E,"") -> 159 | P80: =IF(_xlfn.XLOOKUP($B80,'[1]Pivot Gioc'!$B:$B,'[1]Pivot Gioc'!$G:$G,"")=0,"",_xlfn.XLOOKUP($B80,'[1]Pivot Gioc'!$B:$B,'[1]Pivot Gioc'!$G:$G)) | Q80: =_xlfn.XLOOKUP(B80,[1]!Tabella4[nome],[1]!Tabella4[PRES]) -> #REF! | R80: =_xlfn.XLOOKUP(B80,[1]!Tabella4[nome],[1]!Tabella4[LEGA TIT]) -> #REF! | S80: =IF(_xlfn.XLOOKUP($B80,'[1]Pivot Gioc'!$B:$B,'[1]Pivot Gioc'!$S:$S)="0,00","",_xlfn.XLOOKUP($B80,'[1]Pivot Gioc'!$B:$B,'[1]Pivot Gioc'!$S:$S)) -> 6.325 | T80: =IF(_xlfn.XLOOKUP($B80,'[1]Pivot Gioc'!$B:$B,'[1]Pivot Gioc'!$T:$T)=0,"",_xlfn.XLOOKUP($B80,'[1]Pivot Gioc'!$B:$B,'[1]Pivot Gioc'!$T:$T)) -> 126.5
A81: A | B81: Addai | C81: =_xlfn.IFNA(_xlfn.XLOOKUP(B81,'[1]ROSE SQUADRE'!$N:$N,'[1]ROSE SQUADRE'!$O:$O),"") | D81: =_xlfn.XLOOKUP($B81,'[1]Pivot Gioc'!$B:$B,'[1]Pivot Gioc'!$Q:$Q,"") -> 3 | E81: =_xlfn.XLOOKUP($B81,'[1]Pivot Gioc'!$B:$B,'[1]Pivot Gioc'!$N:$N,"") -> 0 | F81: =_xlfn.XLOOKUP($B81,'[1]Pivot Gioc'!$B:$B,'[1]Pivot Gioc'!$J:$J,"") -> 0 | G81: =_xlfn.XLOOKUP($B81,'[1]Pivot Gioc'!$B:$B,'[1]Pivot Gioc'!$I:$I,"") -> 0 | H81: =_xlfn.XLOOKUP($B81,'[1]Pivot Gioc'!$B:$B,'[1]Pivot Gioc'!$H:$H,"") -> 0 | I81: =_xlfn.XLOOKUP($B81,'[1]Pivot Gioc'!$B:$B,'[1]Pivot Gioc'!$P:$P,"") -> 0 | J81: =_xlfn.XLOOKUP($B81,'[1]Pivot Gioc'!$B:$B,'[1]Pivot Gioc'!$L:$L,"") -> 4 | K81: =_xlfn.XLOOKUP($B81,'[1]Pivot Gioc'!$B:$B,'[1]Pivot Gioc'!$M:$M,"") -> 0 | L81: =_xlfn.XLOOKUP($B81,'[1]Pivot Gioc'!$B:$B,'[1]Pivot Gioc'!$K:$K,"") -> 0 | M81: =_xlfn.XLOOKUP($B81,'[1]Pivot Gioc'!$B:$B,'[1]Pivot Gioc'!$C:$C,"") -> 5.9583333 | N81: =_xlfn.XLOOKUP($B81,'[1]Pivot Gioc'!$B:$B,'[1]Pivot Gioc'!$D:$D,"") -> 6.7083333 | O81: =_xlfn.XLOOKUP($B81,'[1]Pivot Gioc'!$B:$B,'[1]Pivot Gioc'!$E:$E,"") -> 80.5 | P81: =IF(_xlfn.XLOOKUP($B81,'[1]Pivot Gioc'!$B:$B,'[1]Pivot Gioc'!$G:$G,"")=0,"",_xlfn.XLOOKUP($B81,'[1]Pivot Gioc'!$B:$B,'[1]Pivot Gioc'!$G:$G)) | Q81: =_xlfn.XLOOKUP(B81,[1]!Tabella4[nome],[1]!Tabella4[PRES]) -> #REF! | R81: =_xlfn.XLOOKUP(B81,[1]!Tabella4[nome],[1]!Tabella4[LEGA TIT]) -> #REF! | S81: =IF(_xlfn.XLOOKUP($B81,'[1]Pivot Gioc'!$B:$B,'[1]Pivot Gioc'!$S:$S)="0,00","",_xlfn.XLOOKUP($B81,'[1]Pivot Gioc'!$B:$B,'[1]Pivot Gioc'!$S:$S)) | T81: =IF(_xlfn.XLOOKUP($B81,'[1]Pivot Gioc'!$B:$B,'[1]Pivot Gioc'!$T:$T)=0,"",_xlfn.XLOOKUP($B81,'[1]Pivot Gioc'!$B:$B,'[1]Pivot Gioc'!$T:$T))
A82: A | B82: Buksa | C82: =_xlfn.IFNA(_xlfn.XLOOKUP(B82,'[1]ROSE SQUADRE'!$N:$N,'[1]ROSE SQUADRE'!$O:$O),"") | D82: =_xlfn.XLOOKUP($B82,'[1]Pivot Gioc'!$B:$B,'[1]Pivot Gioc'!$Q:$Q,"") -> 3 | E82: =_xlfn.XLOOKUP($B82,'[1]Pivot Gioc'!$B:$B,'[1]Pivot Gioc'!$N:$N,"") -> 0 | F82: =_xlfn.XLOOKUP($B82,'[1]Pivot Gioc'!$B:$B,'[1]Pivot Gioc'!$J:$J,"") -> 0 | G82: =_xlfn.XLOOKUP($B82,'[1]Pivot Gioc'!$B:$B,'[1]Pivot Gioc'!$I:$I,"") -> 0 | H82: =_xlfn.XLOOKUP($B82,'[1]Pivot Gioc'!$B:$B,'[1]Pivot Gioc'!$H:$H,"") -> 0 | I82: =_xlfn.XLOOKUP($B82,'[1]Pivot Gioc'!$B:$B,'[1]Pivot Gioc'!$P:$P,"") -> 0 | J82: =_xlfn.XLOOKUP($B82,'[1]Pivot Gioc'!$B:$B,'[1]Pivot Gioc'!$L:$L,"") -> 3 | K82: =_xlfn.XLOOKUP($B82,'[1]Pivot Gioc'!$B:$B,'[1]Pivot Gioc'!$M:$M,"") -> 0 | L82: =_xlfn.XLOOKUP($B82,'[1]Pivot Gioc'!$B:$B,'[1]Pivot Gioc'!$K:$K,"") -> 0 | M82: =_xlfn.XLOOKUP($B82,'[1]Pivot Gioc'!$B:$B,'[1]Pivot Gioc'!$C:$C,"") -> 5.875 | N82: =_xlfn.XLOOKUP($B82,'[1]Pivot Gioc'!$B:$B,'[1]Pivot Gioc'!$D:$D,"") -> 6.3 | O82: =_xlfn.XLOOKUP($B82,'[1]Pivot Gioc'!$B:$B,'[1]Pivot Gioc'!$E:$E,"") -> 126 | P82: =IF(_xlfn.XLOOKUP($B82,'[1]Pivot Gioc'!$B:$B,'[1]Pivot Gioc'!$G:$G,"")=0,"",_xlfn.XLOOKUP($B82,'[1]Pivot Gioc'!$B:$B,'[1]Pivot Gioc'!$G:$G)) | Q82: =_xlfn.XLOOKUP(B82,[1]!Tabella4[nome],[1]!Tabella4[PRES]) -> #REF! | R82: =_xlfn.XLOOKUP(B82,[1]!Tabella4[nome],[1]!Tabella4[LEGA TIT]) -> #REF! | S82: =IF(_xlfn.XLOOKUP($B82,'[1]Pivot Gioc'!$B:$B,'[1]Pivot Gioc'!$S:$S)="0,00","",_xlfn.XLOOKUP($B82,'[1]Pivot Gioc'!$B:$B,'[1]Pivot Gioc'!$S:$S)) | T82: =IF(_xlfn.XLOOKUP($B82,'[1]Pivot Gioc'!$B:$B,'[1]Pivot Gioc'!$T:$T)=0,"",_xlfn.XLOOKUP($B82,'[1]Pivot Gioc'!$B:$B,'[1]Pivot Gioc'!$T:$T))
A83: D | B83: Coulibaly L. | C83: =_xlfn.IFNA(_xlfn.XLOOKUP(B83,'[1]ROSE SQUADRE'!$N:$N,'[1]ROSE SQUADRE'!$O:$O),"") | D83: =_xlfn.XLOOKUP($B83,'[1]Pivot Gioc'!$B:$B,'[1]Pivot Gioc'!$Q:$Q,"") -> 3 | E83: =_xlfn.XLOOKUP($B83,'[1]Pivot Gioc'!$B:$B,'[1]Pivot Gioc'!$N:$N,"") -> 1 | F83: =_xlfn.XLOOKUP($B83,'[1]Pivot Gioc'!$B:$B,'[1]Pivot Gioc'!$J:$J,"") -> 0 | G83: =_xlfn.XLOOKUP($B83,'[1]Pivot Gioc'!$B:$B,'[1]Pivot Gioc'!$I:$I,"") -> 0 | H83: =_xlfn.XLOOKUP($B83,'[1]Pivot Gioc'!$B:$B,'[1]Pivot Gioc'!$H:$H,"") -> 0 | I83: =_xlfn.XLOOKUP($B83,'[1]Pivot Gioc'!$B:$B,'[1]Pivot Gioc'!$P:$P,"") -> 0 | J83: =_xlfn.XLOOKUP($B83,'[1]Pivot Gioc'!$B:$B,'[1]Pivot Gioc'!$L:$L,"") -> 4 | K83: =_xlfn.XLOOKUP($B83,'[1]Pivot Gioc'!$B:$B,'[1]Pivot Gioc'!$M:$M,"") -> 0 | L83: =_xlfn.XLOOKUP($B83,'[1]Pivot Gioc'!$B:$B,'[1]Pivot Gioc'!$K:$K,"") -> 0 | M83: =_xlfn.XLOOKUP($B83,'[1]Pivot Gioc'!$B:$B,'[1]Pivot Gioc'!$C:$C,"") -> 6.0322581 | N83: =_xlfn.XLOOKUP($B83,'[1]Pivot Gioc'!$B:$B,'[1]Pivot Gioc'!$D:$D,"") -> 6.2903226 | O83: =_xlfn.XLOOKUP($B83,'[1]Pivot Gioc'!$B:$B,'[1]Pivot Gioc'!$E:$E,"") -> 195 | P83: =IF(_xlfn.XLOOKUP($B83,'[1]Pivot Gioc'!$B:$B,'[1]Pivot Gioc'!$G:$G,"")=0,"",_xlfn.XLOOKUP($B83,'[1]Pivot Gioc'!$B:$B,'[1]Pivot Gioc'!$G:$G)) | Q83: =_xlfn.XLOOKUP(B83,[1]!Tabella4[nome],[1]!Tabella4[PRES]) -> #REF! | R83: =_xlfn.XLOOKUP(B83,[1]!Tabella4[nome],[1]!Tabella4[LEGA TIT]) -> #REF! | S83: =IF(_xlfn.XLOOKUP($B83,'[1]Pivot Gioc'!$B:$B,'[1]Pivot Gioc'!$S:$S)="0,00","",_xlfn.XLOOKUP($B83,'[1]Pivot Gioc'!$B:$B,'[1]Pivot Gioc'!$S:$S)) | T83: =IF(_xlfn.XLOOKUP($B83,'[1]Pivot Gioc'!$B:$B,'[1]Pivot Gioc'!$T:$T)=0,"",_xlfn.XLOOKUP($B83,'[1]Pivot Gioc'!$B:$B,'[1]Pivot Gioc'!$T:$T))
A84: D | B84: Dovbyk | C84: =_xlfn.IFNA(_xlfn.XLOOKUP(B84,'[1]ROSE SQUADRE'!$N:$N,'[1]ROSE SQUADRE'!$O:$O),"") | D84: =_xlfn.XLOOKUP($B84,'[1]Pivot Gioc'!$B:$B,'[1]Pivot Gioc'!$Q:$Q,"") -> 3 | E84: =_xlfn.XLOOKUP($B84,'[1]Pivot Gioc'!$B:$B,'[1]Pivot Gioc'!$N:$N,"") -> 1 | F84: =_xlfn.XLOOKUP($B84,'[1]Pivot Gioc'!$B:$B,'[1]Pivot Gioc'!$J:$J,"") -> 0 | G84: =_xlfn.XLOOKUP($B84,'[1]Pivot Gioc'!$B:$B,'[1]Pivot Gioc'!$I:$I,"") -> 0 | H84: =_xlfn.XLOOKUP($B84,'[1]Pivot Gioc'!$B:$B,'[1]Pivot Gioc'!$H:$H,"") -> 0 | I84: =_xlfn.XLOOKUP($B84,'[1]Pivot Gioc'!$B:$B,'[1]Pivot Gioc'!$P:$P,"") -> 0 | J84: =_xlfn.XLOOKUP($B84,'[1]Pivot Gioc'!$B:$B,'[1]Pivot Gioc'!$L:$L,"") -> 0 | K84: =_xlfn.XLOOKUP($B84,'[1]Pivot Gioc'!$B:$B,'[1]Pivot Gioc'!$M:$M,"") -> 0 | L84: =_xlfn.XLOOKUP($B84,'[1]Pivot Gioc'!$B:$B,'[1]Pivot Gioc'!$K:$K,"") -> 0 | M84: =_xlfn.XLOOKUP($B84,'[1]Pivot Gioc'!$B:$B,'[1]Pivot Gioc'!$C:$C,"") -> 6.0909091 | N84: =_xlfn.XLOOKUP($B84,'[1]Pivot Gioc'!$B:$B,'[1]Pivot Gioc'!$D:$D,"") -> 7.1818182 | O84: =_xlfn.XLOOKUP($B84,'[1]Pivot Gioc'!$B:$B,'[1]Pivot Gioc'!$E:$E,"") -> 79 | P84: =IF(_xlfn.XLOOKUP($B84,'[1]Pivot Gioc'!$B:$B,'[1]Pivot Gioc'!$G:$G,"")=0,"",_xlfn.XLOOKUP($B84,'[1]Pivot Gioc'!$B:$B,'[1]Pivot Gioc'!$G:$G)) | Q84: =_xlfn.XLOOKUP(B84,[1]!Tabella4[nome],[1]!Tabella4[PRES]) -> #REF! | R84: =_xlfn.XLOOKUP(B84,[1]!Tabella4[nome],[1]!Tabella4[LEGA TIT]) -> #REF! | S84: =IF(_xlfn.XLOOKUP($B84,'[1]Pivot Gioc'!$B:$B,'[1]Pivot Gioc'!$S:$S)="0,00","",_xlfn.XLOOKUP($B84,'[1]Pivot Gioc'!$B:$B,'[1]Pivot Gioc'!$S:$S)) -> 8.1666667 | T84: =IF(_xlfn.XLOOKUP($B84,'[1]Pivot Gioc'!$B:$B,'[1]Pivot Gioc'!$T:$T)=0,"",_xlfn.XLOOKUP($B84,'[1]Pivot Gioc'!$B:$B,'[1]Pivot Gioc'!$T:$T)) -> 49
A85: A | B85: Ekhator | C85: =_xlfn.IFNA(_xlfn.XLOOKUP(B85,'[1]ROSE SQUADRE'!$N:$N,'[1]ROSE SQUADRE'!$O:$O),"") | D85: =_xlfn.XLOOKUP($B85,'[1]Pivot Gioc'!$B:$B,'[1]Pivot Gioc'!$Q:$Q,"") -> 3 | E85: =_xlfn.XLOOKUP($B85,'[1]Pivot Gioc'!$B:$B,'[1]Pivot Gioc'!$N:$N,"") -> 0 | F85: =_xlfn.XLOOKUP($B85,'[1]Pivot Gioc'!$B:$B,'[1]Pivot Gioc'!$J:$J,"") -> 0 | G85: =_xlfn.XLOOKUP($B85,'[1]Pivot Gioc'!$B:$B,'[1]Pivot Gioc'!$I:$I,"") -> 0 | H85: =_xlfn.XLOOKUP($B85,'[1]Pivot Gioc'!$B:$B,'[1]Pivot Gioc'!$H:$H,"") -> 0 | I85: =_xlfn.XLOOKUP($B85,'[1]Pivot Gioc'!$B:$B,'[1]Pivot Gioc'!$P:$P,"") -> 0 | J85: =_xlfn.XLOOKUP($B85,'[1]Pivot Gioc'!$B:$B,'[1]Pivot Gioc'!$L:$L,"") -> 1 | K85: =_xlfn.XLOOKUP($B85,'[1]Pivot Gioc'!$B:$B,'[1]Pivot Gioc'!$M:$M,"") -> 0 | L85: =_xlfn.XLOOKUP($B85,'[1]Pivot Gioc'!$B:$B,'[1]Pivot Gioc'!$K:$K,"") -> 0 | M85: =_xlfn.XLOOKUP($B85,'[1]Pivot Gioc'!$B:$B,'[1]Pivot Gioc'!$C:$C,"") -> 5.9791667 | N85: =_xlfn.XLOOKUP($B85,'[1]Pivot Gioc'!$B:$B,'[1]Pivot Gioc'!$D:$D,"") -> 6.3333333 | O85: =_xlfn.XLOOKUP($B85,'[1]Pivot Gioc'!$B:$B,'[1]Pivot Gioc'!$E:$E,"") -> 152 | P85: =IF(_xlfn.XLOOKUP($B85,'[1]Pivot Gioc'!$B:$B,'[1]Pivot Gioc'!$G:$G,"")=0,"",_xlfn.XLOOKUP($B85,'[1]Pivot Gioc'!$B:$B,'[1]Pivot Gioc'!$G:$G)) | Q85: =_xlfn.XLOOKUP(B85,[1]!Tabella4[nome],[1]!Tabella4[PRES]) -> #REF! | R85: =_xlfn.XLOOKUP(B85,[1]!Tabella4[nome],[1]!Tabella4[LEGA TIT]) -> #REF! | S85: =IF(_xlfn.XLOOKUP($B85,'[1]Pivot Gioc'!$B:$B,'[1]Pivot Gioc'!$S:$S)="0,00","",_xlfn.XLOOKUP($B85,'[1]Pivot Gioc'!$B:$B,'[1]Pivot Gioc'!$S:$S)) | T85: =IF(_xlfn.XLOOKUP($B85,'[1]Pivot Gioc'!$B:$B,'[1]Pivot Gioc'!$T:$T)=0,"",_xlfn.XLOOKUP($B85,'[1]Pivot Gioc'!$B:$B,'[1]Pivot Gioc'!$T:$T))
A86: C | B86: Giovane | C86: =_xlfn.IFNA(_xlfn.XLOOKUP(B86,'[1]ROSE SQUADRE'!$N:$N,'[1]ROSE SQUADRE'!$O:$O),"") | D86: =_xlfn.XLOOKUP($B86,'[1]Pivot Gioc'!$B:$B,'[1]Pivot Gioc'!$Q:$Q,"") -> 3 | E86: =_xlfn.XLOOKUP($B86,'[1]Pivot Gioc'!$B:$B,'[1]Pivot Gioc'!$N:$N,"") -> 5 | F86: =_xlfn.XLOOKUP($B86,'[1]Pivot Gioc'!$B:$B,'[1]Pivot Gioc'!$J:$J,"") -> 0 | G86: =_xlfn.XLOOKUP($B86,'[1]Pivot Gioc'!$B:$B,'[1]Pivot Gioc'!$I:$I,"") -> 0 | H86: =_xlfn.XLOOKUP($B86,'[1]Pivot Gioc'!$B:$B,'[1]Pivot Gioc'!$H:$H,"") -> 0 | I86: =_xlfn.XLOOKUP($B86,'[1]Pivot Gioc'!$B:$B,'[1]Pivot Gioc'!$P:$P,"") -> 0 | J86: =_xlfn.XLOOKUP($B86,'[1]Pivot Gioc'!$B:$B,'[1]Pivot Gioc'!$L:$L,"") -> 2 | K86: =_xlfn.XLOOKUP($B86,'[1]Pivot Gioc'!$B:$B,'[1]Pivot Gioc'!$M:$M,"") -> 0 | L86: =_xlfn.XLOOKUP($B86,'[1]Pivot Gioc'!$B:$B,'[1]Pivot Gioc'!$K:$K,"") -> 0 | M86: =_xlfn.XLOOKUP($B86,'[1]Pivot Gioc'!$B:$B,'[1]Pivot Gioc'!$C:$C,"") -> 5.9655172 | N86: =_xlfn.XLOOKUP($B86,'[1]Pivot Gioc'!$B:$B,'[1]Pivot Gioc'!$D:$D,"") -> 6.4482759 | O86: =_xlfn.XLOOKUP($B86,'[1]Pivot Gioc'!$B:$B,'[1]Pivot Gioc'!$E:$E,"") -> 187 | P86: =IF(_xlfn.XLOOKUP($B86,'[1]Pivot Gioc'!$B:$B,'[1]Pivot Gioc'!$G:$G,"")=0,"",_xlfn.XLOOKUP($B86,'[1]Pivot Gioc'!$B:$B,'[1]Pivot Gioc'!$G:$G)) | Q86: =_xlfn.XLOOKUP(B86,[1]!Tabella4[nome],[1]!Tabella4[PRES]) -> #REF! | R86: =_xlfn.XLOOKUP(B86,[1]!Tabella4[nome],[1]!Tabella4[LEGA TIT]) -> #REF! | S86: =IF(_xlfn.XLOOKUP($B86,'[1]Pivot Gioc'!$B:$B,'[1]Pivot Gioc'!$S:$S)="0,00","",_xlfn.XLOOKUP($B86,'[1]Pivot Gioc'!$B:$B,'[1]Pivot Gioc'!$S:$S)) -> 6.1428571 | T86: =IF(_xlfn.XLOOKUP($B86,'[1]Pivot Gioc'!$B:$B,'[1]Pivot Gioc'!$T:$T)=0,"",_xlfn.XLOOKUP($B86,'[1]Pivot Gioc'!$B:$B,'[1]Pivot Gioc'!$T:$T)) -> 43
A87: D | B87: Kabasele | C87: =_xlfn.IFNA(_xlfn.XLOOKUP(B87,'[1]ROSE SQUADRE'!$N:$N,'[1]ROSE SQUADRE'!$O:$O),"") | D87: =_xlfn.XLOOKUP($B87,'[1]Pivot Gioc'!$B:$B,'[1]Pivot Gioc'!$Q:$Q,"") -> 3 | E87: =_xlfn.XLOOKUP($B87,'[1]Pivot Gioc'!$B:$B,'[1]Pivot Gioc'!$N:$N,"") -> 0 | F87: =_xlfn.XLOOKUP($B87,'[1]Pivot Gioc'!$B:$B,'[1]Pivot Gioc'!$J:$J,"") -> 0 | G87: =_xlfn.XLOOKUP($B87,'[1]Pivot Gioc'!$B:$B,'[1]Pivot Gioc'!$I:$I,"") -> 0 | H87: =_xlfn.XLOOKUP($B87,'[1]Pivot Gioc'!$B:$B,'[1]Pivot Gioc'!$H:$H,"") -> 0 | I87: =_xlfn.XLOOKUP($B87,'[1]Pivot Gioc'!$B:$B,'[1]Pivot Gioc'!$P:$P,"") -> 0 | J87: =_xlfn.XLOOKUP($B87,'[1]Pivot Gioc'!$B:$B,'[1]Pivot Gioc'!$L:$L,"") -> 5 | K87: =_xlfn.XLOOKUP($B87,'[1]Pivot Gioc'!$B:$B,'[1]Pivot Gioc'!$M:$M,"") -> 1 | L87: =_xlfn.XLOOKUP($B87,'[1]Pivot Gioc'!$B:$B,'[1]Pivot Gioc'!$K:$K,"") -> 0 | M87: =_xlfn.XLOOKUP($B87,'[1]Pivot Gioc'!$B:$B,'[1]Pivot Gioc'!$C:$C,"") -> 5.9821429 | N87: =_xlfn.XLOOKUP($B87,'[1]Pivot Gioc'!$B:$B,'[1]Pivot Gioc'!$D:$D,"") -> 6.2142857 | O87: =_xlfn.XLOOKUP($B87,'[1]Pivot Gioc'!$B:$B,'[1]Pivot Gioc'!$E:$E,"") -> 174 | P87: =IF(_xlfn.XLOOKUP($B87,'[1]Pivot Gioc'!$B:$B,'[1]Pivot Gioc'!$G:$G,"")=0,"",_xlfn.XLOOKUP($B87,'[1]Pivot Gioc'!$B:$B,'[1]Pivot Gioc'!$G:$G)) | Q87: =_xlfn.XLOOKUP(B87,[1]!Tabella4[nome],[1]!Tabella4[PRES]) -> #REF! | R87: =_xlfn.XLOOKUP(B87,[1]!Tabella4[nome],[1]!Tabella4[LEGA TIT]) -> #REF! | S87: =IF(_xlfn.XLOOKUP($B87,'[1]Pivot Gioc'!$B:$B,'[1]Pivot Gioc'!$S:$S)="0,00","",_xlfn.XLOOKUP($B87,'[1]Pivot Gioc'!$B:$B,'[1]Pivot Gioc'!$S:$S)) | T87: =IF(_xlfn.XLOOKUP($B87,'[1]Pivot Gioc'!$B:$B,'[1]Pivot Gioc'!$T:$T)=0,"",_xlfn.XLOOKUP($B87,'[1]Pivot Gioc'!$B:$B,'[1]Pivot Gioc'!$T:$T))
A88: C | B88: Messias | C88: =_xlfn.IFNA(_xlfn.XLOOKUP(B88,'[1]ROSE SQUADRE'!$N:$N,'[1]ROSE SQUADRE'!$O:$O),"") | D88: =_xlfn.XLOOKUP($B88,'[1]Pivot Gioc'!$B:$B,'[1]Pivot Gioc'!$Q:$Q,"") -> 3 | E88: =_xlfn.XLOOKUP($B88,'[1]Pivot Gioc'!$B:$B,'[1]Pivot Gioc'!$N:$N,"") -> 1 | F88: =_xlfn.XLOOKUP($B88,'[1]Pivot Gioc'!$B:$B,'[1]Pivot Gioc'!$J:$J,"") -> 1 | G88: =_xlfn.XLOOKUP($B88,'[1]Pivot Gioc'!$B:$B,'[1]Pivot Gioc'!$I:$I,"") -> 0 | H88: =_xlfn.XLOOKUP($B88,'[1]Pivot Gioc'!$B:$B,'[1]Pivot Gioc'!$H:$H,"") -> 0 | I88: =_xlfn.XLOOKUP($B88,'[1]Pivot Gioc'!$B:$B,'[1]Pivot Gioc'!$P:$P,"") -> 0 | J88: =_xlfn.XLOOKUP($B88,'[1]Pivot Gioc'!$B:$B,'[1]Pivot Gioc'!$L:$L,"") -> 1 | K88: =_xlfn.XLOOKUP($B88,'[1]Pivot Gioc'!$B:$B,'[1]Pivot Gioc'!$M:$M,"") -> 0 | L88: =_xlfn.XLOOKUP($B88,'[1]Pivot Gioc'!$B:$B,'[1]Pivot Gioc'!$K:$K,"") -> 0 | M88: =_xlfn.XLOOKUP($B88,'[1]Pivot Gioc'!$B:$B,'[1]Pivot Gioc'!$C:$C,"") -> 6.2222222 | N88: =_xlfn.XLOOKUP($B88,'[1]Pivot Gioc'!$B:$B,'[1]Pivot Gioc'!$D:$D,"") -> 6.8055556 | O88: =_xlfn.XLOOKUP($B88,'[1]Pivot Gioc'!$B:$B,'[1]Pivot Gioc'!$E:$E,"") -> 122.5 | P88: =IF(_xlfn.XLOOKUP($B88,'[1]Pivot Gioc'!$B:$B,'[1]Pivot Gioc'!$G:$G,"")=0,"",_xlfn.XLOOKUP($B88,'[1]Pivot Gioc'!$B:$B,'[1]Pivot Gioc'!$G:$G)) | Q88: =_xlfn.XLOOKUP(B88,[1]!Tabella4[nome],[1]!Tabella4[PRES]) -> #REF! | R88: =_xlfn.XLOOKUP(B88,[1]!Tabella4[nome],[1]!Tabella4[LEGA TIT]) -> #REF! | S88: =IF(_xlfn.XLOOKUP($B88,'[1]Pivot Gioc'!$B:$B,'[1]Pivot Gioc'!$S:$S)="0,00","",_xlfn.XLOOKUP($B88,'[1]Pivot Gioc'!$B:$B,'[1]Pivot Gioc'!$S:$S)) | T88: =IF(_xlfn.XLOOKUP($B88,'[1]Pivot Gioc'!$B:$B,'[1]Pivot Gioc'!$T:$T)=0,"",_xlfn.XLOOKUP($B88,'[1]Pivot Gioc'!$B:$B,'[1]Pivot Gioc'!$T:$T))
A89: D | B89: Ndour | C89: =_xlfn.IFNA(_xlfn.XLOOKUP(B89,'[1]ROSE SQUADRE'!$N:$N,'[1]ROSE SQUADRE'!$O:$O),"") | D89: =_xlfn.XLOOKUP($B89,'[1]Pivot Gioc'!$B:$B,'[1]Pivot Gioc'!$Q:$Q,"") -> 3 | E89: =_xlfn.XLOOKUP($B89,'[1]Pivot Gioc'!$B:$B,'[1]Pivot Gioc'!$N:$N,"") -> 0 | F89: =_xlfn.XLOOKUP($B89,'[1]Pivot Gioc'!$B:$B,'[1]Pivot Gioc'!$J:$J,"") -> 0 | G89: =_xlfn.XLOOKUP($B89,'[1]Pivot Gioc'!$B:$B,'[1]Pivot Gioc'!$I:$I,"") -> 0 | H89: =_xlfn.XLOOKUP($B89,'[1]Pivot Gioc'!$B:$B,'[1]Pivot Gioc'!$H:$H,"") -> 0 | I89: =_xlfn.XLOOKUP($B89,'[1]Pivot Gioc'!$B:$B,'[1]Pivot Gioc'!$P:$P,"") -> 0 | J89: =_xlfn.XLOOKUP($B89,'[1]Pivot Gioc'!$B:$B,'[1]Pivot Gioc'!$L:$L,"") -> 2 | K89: =_xlfn.XLOOKUP($B89,'[1]Pivot Gioc'!$B:$B,'[1]Pivot Gioc'!$M:$M,"") -> 0 | L89: =_xlfn.XLOOKUP($B89,'[1]Pivot Gioc'!$B:$B,'[1]Pivot Gioc'!$K:$K,"") -> 0 | M89: =_xlfn.XLOOKUP($B89,'[1]Pivot Gioc'!$B:$B,'[1]Pivot Gioc'!$C:$C,"") -> 5.8214286 | N89: =_xlfn.XLOOKUP($B89,'[1]Pivot Gioc'!$B:$B,'[1]Pivot Gioc'!$D:$D,"") -> 6.1428571 | O89: =_xlfn.XLOOKUP($B89,'[1]Pivot Gioc'!$B:$B,'[1]Pivot Gioc'!$E:$E,"") -> 172 | P89: =IF(_xlfn.XLOOKUP($B89,'[1]Pivot Gioc'!$B:$B,'[1]Pivot Gioc'!$G:$G,"")=0,"",_xlfn.XLOOKUP($B89,'[1]Pivot Gioc'!$B:$B,'[1]Pivot Gioc'!$G:$G)) | Q89: =_xlfn.XLOOKUP(B89,[1]!Tabella4[nome],[1]!Tabella4[PRES]) -> #REF! | R89: =_xlfn.XLOOKUP(B89,[1]!Tabella4[nome],[1]!Tabella4[LEGA TIT]) -> #REF! | S89: =IF(_xlfn.XLOOKUP($B89,'[1]Pivot Gioc'!$B:$B,'[1]Pivot Gioc'!$S:$S)="0,00","",_xlfn.XLOOKUP($B89,'[1]Pivot Gioc'!$B:$B,'[1]Pivot Gioc'!$S:$S)) | T89: =IF(_xlfn.XLOOKUP($B89,'[1]Pivot Gioc'!$B:$B,'[1]Pivot Gioc'!$T:$T)=0,"",_xlfn.XLOOKUP($B89,'[1]Pivot Gioc'!$B:$B,'[1]Pivot Gioc'!$T:$T))
B90: Pobega | C90: =_xlfn.IFNA(_xlfn.XLOOKUP(B90,'[1]ROSE SQUADRE'!$N:$N,'[1]ROSE SQUADRE'!$O:$O),"") | D90: =_xlfn.XLOOKUP($B90,'[1]Pivot Gioc'!$B:$B,'[1]Pivot Gioc'!$Q:$Q,"") -> 3 | E90: =_xlfn.XLOOKUP($B90,'[1]Pivot Gioc'!$B:$B,'[1]Pivot Gioc'!$N:$N,"") -> 1 | F90: =_xlfn.XLOOKUP($B90,'[1]Pivot Gioc'!$B:$B,'[1]Pivot Gioc'!$J:$J,"") -> 0 | G90: =_xlfn.XLOOKUP($B90,'[1]Pivot Gioc'!$B:$B,'[1]Pivot Gioc'!$I:$I,"") -> 0 | H90: =_xlfn.XLOOKUP($B90,'[1]Pivot Gioc'!$B:$B,'[1]Pivot Gioc'!$H:$H,"") -> 0 | I90: =_xlfn.XLOOKUP($B90,'[1]Pivot Gioc'!$B:$B,'[1]Pivot Gioc'!$P:$P,"") -> 0 | J90: =_xlfn.XLOOKUP($B90,'[1]Pivot Gioc'!$B:$B,'[1]Pivot Gioc'!$L:$L,"") -> 1 | K90: =_xlfn.XLOOKUP($B90,'[1]Pivot Gioc'!$B:$B,'[1]Pivot Gioc'!$M:$M,"") -> 1 | L90: =_xlfn.XLOOKUP($B90,'[1]Pivot Gioc'!$B:$B,'[1]Pivot Gioc'!$K:$K,"") -> 0 | M90: =_xlfn.XLOOKUP($B90,'[1]Pivot Gioc'!$B:$B,'[1]Pivot Gioc'!$C:$C,"") -> 5.8571429 | N90: =_xlfn.XLOOKUP($B90,'[1]Pivot Gioc'!$B:$B,'[1]Pivot Gioc'!$D:$D,"") -> 6.3095238 | O90: =_xlfn.XLOOKUP($B90,'[1]Pivot Gioc'!$B:$B,'[1]Pivot Gioc'!$E:$E,"") -> 132.5 | P90: =IF(_xlfn.XLOOKUP($B90,'[1]Pivot Gioc'!$B:$B,'[1]Pivot Gioc'!$G:$G,"")=0,"",_xlfn.XLOOKUP($B90,'[1]Pivot Gioc'!$B:$B,'[1]Pivot Gioc'!$G:$G)) | Q90: =_xlfn.XLOOKUP(B90,[1]!Tabella4[nome],[1]!Tabella4[PRES]) -> #REF! | R90: =_xlfn.XLOOKUP(B90,[1]!Tabella4[nome],[1]!Tabella4[LEGA TIT]) -> #REF! | S90: =IF(_xlfn.XLOOKUP($B90,'[1]Pivot Gioc'!$B:$B,'[1]Pivot Gioc'!$S:$S)="0,00","",_xlfn.XLOOKUP($B90,'[1]Pivot Gioc'!$B:$B,'[1]Pivot Gioc'!$S:$S)) | T90: =IF(_xlfn.XLOOKUP($B90,'[1]Pivot Gioc'!$B:$B,'[1]Pivot Gioc'!$T:$T)=0,"",_xlfn.XLOOKUP($B90,'[1]Pivot Gioc'!$B:$B,'[1]Pivot Gioc'!$T:$T))
B91: Thorsby | C91: =_xlfn.IFNA(_xlfn.XLOOKUP(B91,'[1]ROSE SQUADRE'!$N:$N,'[1]ROSE SQUADRE'!$O:$O),"") | D91: =_xlfn.XLOOKUP($B91,'[1]Pivot Gioc'!$B:$B,'[1]Pivot Gioc'!$Q:$Q,"") -> 3 | E91: =_xlfn.XLOOKUP($B91,'[1]Pivot Gioc'!$B:$B,'[1]Pivot Gioc'!$N:$N,"") -> 1 | F91: =_xlfn.XLOOKUP($B91,'[1]Pivot Gioc'!$B:$B,'[1]Pivot Gioc'!$J:$J,"") -> 0 | G91: =_xlfn.XLOOKUP($B91,'[1]Pivot Gioc'!$B:$B,'[1]Pivot Gioc'!$I:$I,"") -> 0 | H91: =_xlfn.XLOOKUP($B91,'[1]Pivot Gioc'!$B:$B,'[1]Pivot Gioc'!$H:$H,"") -> 0 | I91: =_xlfn.XLOOKUP($B91,'[1]Pivot Gioc'!$B:$B,'[1]Pivot Gioc'!$P:$P,"") -> 0 | J91: =_xlfn.XLOOKUP($B91,'[1]Pivot Gioc'!$B:$B,'[1]Pivot Gioc'!$L:$L,"") -> 4 | K91: =_xlfn.XLOOKUP($B91,'[1]Pivot Gioc'!$B:$B,'[1]Pivot Gioc'!$M:$M,"") -> 0 | L91: =_xlfn.XLOOKUP($B91,'[1]Pivot Gioc'!$B:$B,'[1]Pivot Gioc'!$K:$K,"") -> 0 | M91: =_xlfn.XLOOKUP($B91,'[1]Pivot Gioc'!$B:$B,'[1]Pivot Gioc'!$C:$C,"") -> 6.1 | N91: =_xlfn.XLOOKUP($B91,'[1]Pivot Gioc'!$B:$B,'[1]Pivot Gioc'!$D:$D,"") -> 6.55 | O91: =_xlfn.XLOOKUP($B91,'[1]Pivot Gioc'!$B:$B,'[1]Pivot Gioc'!$E:$E,"") -> 131 | P91: =IF(_xlfn.XLOOKUP($B91,'[1]Pivot Gioc'!$B:$B,'[1]Pivot Gioc'!$G:$G,"")=0,"",_xlfn.XLOOKUP($B91,'[1]Pivot Gioc'!$B:$B,'[1]Pivot Gioc'!$G:$G)) | Q91: =_xlfn.XLOOKUP(B91,[1]!Tabella4[nome],[1]!Tabella4[PRES]) -> #REF! | R91: =_xlfn.XLOOKUP(B91,[1]!Tabella4[nome],[1]!Tabella4[LEGA TIT]) -> #REF! | S91: =IF(_xlfn.XLOOKUP($B91,'[1]Pivot Gioc'!$B:$B,'[1]Pivot Gioc'!$S:$S)="0,00","",_xlfn.XLOOKUP($B91,'[1]Pivot Gioc'!$B:$B,'[1]Pivot Gioc'!$S:$S)) | T91: =IF(_xlfn.XLOOKUP($B91,'[1]Pivot Gioc'!$B:$B,'[1]Pivot Gioc'!$T:$T)=0,"",_xlfn.XLOOKUP($B91,'[1]Pivot Gioc'!$B:$B,'[1]Pivot Gioc'!$T:$T))
A92: D | B92: Cambiaghi | C92: =_xlfn.IFNA(_xlfn.XLOOKUP(B92,'[1]ROSE SQUADRE'!$N:$N,'[1]ROSE SQUADRE'!$O:$O),"") -> AC ASPARAGHESE | D92: =_xlfn.XLOOKUP($B92,'[1]Pivot Gioc'!$B:$B,'[1]Pivot Gioc'!$Q:$Q,"") -> 3 | E92: =_xlfn.XLOOKUP($B92,'[1]Pivot Gioc'!$B:$B,'[1]Pivot Gioc'!$N:$N,"") -> 4 | F92: =_xlfn.XLOOKUP($B92,'[1]Pivot Gioc'!$B:$B,'[1]Pivot Gioc'!$J:$J,"") -> 0 | G92: =_xlfn.XLOOKUP($B92,'[1]Pivot Gioc'!$B:$B,'[1]Pivot Gioc'!$I:$I,"") -> 0 | H92: =_xlfn.XLOOKUP($B92,'[1]Pivot Gioc'!$B:$B,'[1]Pivot Gioc'!$H:$H,"") -> 0 | I92: =_xlfn.XLOOKUP($B92,'[1]Pivot Gioc'!$B:$B,'[1]Pivot Gioc'!$P:$P,"") -> 0 | J92: =_xlfn.XLOOKUP($B92,'[1]Pivot Gioc'!$B:$B,'[1]Pivot Gioc'!$L:$L,"") -> 2 | K92: =_xlfn.XLOOKUP($B92,'[1]Pivot Gioc'!$B:$B,'[1]Pivot Gioc'!$M:$M,"") -> 1 | L92: =_xlfn.XLOOKUP($B92,'[1]Pivot Gioc'!$B:$B,'[1]Pivot Gioc'!$K:$K,"") -> 0 | M92: =_xlfn.XLOOKUP($B92,'[1]Pivot Gioc'!$B:$B,'[1]Pivot Gioc'!$C:$C,"") -> 6 | N92: =_xlfn.XLOOKUP($B92,'[1]Pivot Gioc'!$B:$B,'[1]Pivot Gioc'!$D:$D,"") -> 6.5454545 | O92: =_xlfn.XLOOKUP($B92,'[1]Pivot Gioc'!$B:$B,'[1]Pivot Gioc'!$E:$E,"") -> 144 | P92: =IF(_xlfn.XLOOKUP($B92,'[1]Pivot Gioc'!$B:$B,'[1]Pivot Gioc'!$G:$G,"")=0,"",_xlfn.XLOOKUP($B92,'[1]Pivot Gioc'!$B:$B,'[1]Pivot Gioc'!$G:$G)) | Q92: =_xlfn.XLOOKUP(B92,[1]!Tabella4[nome],[1]!Tabella4[PRES]) -> #REF! | R92: =_xlfn.XLOOKUP(B92,[1]!Tabella4[nome],[1]!Tabella4[LEGA TIT]) -> #REF! | S92: =IF(_xlfn.XLOOKUP($B92,'[1]Pivot Gioc'!$B:$B,'[1]Pivot Gioc'!$S:$S)="0,00","",_xlfn.XLOOKUP($B92,'[1]Pivot Gioc'!$B:$B,'[1]Pivot Gioc'!$S:$S)) -> 6.3181818 | T92: =IF(_xlfn.XLOOKUP($B92,'[1]Pivot Gioc'!$B:$B,'[1]Pivot Gioc'!$T:$T)=0,"",_xlfn.XLOOKUP($B92,'[1]Pivot Gioc'!$B:$B,'[1]Pivot Gioc'!$T:$T)) -> 69.5
A93: A | B93: Ferguson E. | C93: =_xlfn.IFNA(_xlfn.XLOOKUP(B93,'[1]ROSE SQUADRE'!$N:$N,'[1]ROSE SQUADRE'!$O:$O),"") -> APPAREGGIATO | D93: =_xlfn.XLOOKUP($B93,'[1]Pivot Gioc'!$B:$B,'[1]Pivot Gioc'!$Q:$Q,"") -> 3 | E93: =_xlfn.XLOOKUP($B93,'[1]Pivot Gioc'!$B:$B,'[1]Pivot Gioc'!$N:$N,"") -> 1 | F93: =_xlfn.XLOOKUP($B93,'[1]Pivot Gioc'!$B:$B,'[1]Pivot Gioc'!$J:$J,"") -> 0 | G93: =_xlfn.XLOOKUP($B93,'[1]Pivot Gioc'!$B:$B,'[1]Pivot Gioc'!$I:$I,"") -> 0 | H93: =_xlfn.XLOOKUP($B93,'[1]Pivot Gioc'!$B:$B,'[1]Pivot Gioc'!$H:$H,"") -> 0 | I93: =_xlfn.XLOOKUP($B93,'[1]Pivot Gioc'!$B:$B,'[1]Pivot Gioc'!$P:$P,"") -> 0 | J93: =_xlfn.XLOOKUP($B93,'[1]Pivot Gioc'!$B:$B,'[1]Pivot Gioc'!$L:$L,"") -> 0 | K93: =_xlfn.XLOOKUP($B93,'[1]Pivot Gioc'!$B:$B,'[1]Pivot Gioc'!$M:$M,"") -> 0 | L93: =_xlfn.XLOOKUP($B93,'[1]Pivot Gioc'!$B:$B,'[1]Pivot Gioc'!$K:$K,"") -> 0 | M93: =_xlfn.XLOOKUP($B93,'[1]Pivot Gioc'!$B:$B,'[1]Pivot Gioc'!$C:$C,"") -> 6.0416667 | N93: =_xlfn.XLOOKUP($B93,'[1]Pivot Gioc'!$B:$B,'[1]Pivot Gioc'!$D:$D,"") -> 7.0416667 | O93: =_xlfn.XLOOKUP($B93,'[1]Pivot Gioc'!$B:$B,'[1]Pivot Gioc'!$E:$E,"") -> 84.5 | P93: =IF(_xlfn.XLOOKUP($B93,'[1]Pivot Gioc'!$B:$B,'[1]Pivot Gioc'!$G:$G,"")=0,"",_xlfn.XLOOKUP($B93,'[1]Pivot Gioc'!$B:$B,'[1]Pivot Gioc'!$G:$G)) | Q93: =_xlfn.XLOOKUP(B93,[1]!Tabella4[nome],[1]!Tabella4[PRES]) -> #REF! | R93: =_xlfn.XLOOKUP(B93,[1]!Tabella4[nome],[1]!Tabella4[LEGA TIT]) -> #REF! | S93: =IF(_xlfn.XLOOKUP($B93,'[1]Pivot Gioc'!$B:$B,'[1]Pivot Gioc'!$S:$S)="0,00","",_xlfn.XLOOKUP($B93,'[1]Pivot Gioc'!$B:$B,'[1]Pivot Gioc'!$S:$S)) -> 7.0416667 | T93: =IF(_xlfn.XLOOKUP($B93,'[1]Pivot Gioc'!$B:$B,'[1]Pivot Gioc'!$T:$T)=0,"",_xlfn.XLOOKUP($B93,'[1]Pivot Gioc'!$B:$B,'[1]Pivot Gioc'!$T:$T)) -> 84.5
A94: D | B94: Bernabè | C94: =_xlfn.IFNA(_xlfn.XLOOKUP(B94,'[1]ROSE SQUADRE'!$N:$N,'[1]ROSE SQUADRE'!$O:$O),"") -> ATL IMPROVVISATO | D94: =_xlfn.XLOOKUP($B94,'[1]Pivot Gioc'!$B:$B,'[1]Pivot Gioc'!$Q:$Q,"") -> 3 | E94: =_xlfn.XLOOKUP($B94,'[1]Pivot Gioc'!$B:$B,'[1]Pivot Gioc'!$N:$N,"") -> 1 | F94: =_xlfn.XLOOKUP($B94,'[1]Pivot Gioc'!$B:$B,'[1]Pivot Gioc'!$J:$J,"") -> 0 | G94: =_xlfn.XLOOKUP($B94,'[1]Pivot Gioc'!$B:$B,'[1]Pivot Gioc'!$I:$I,"") -> 0 | H94: =_xlfn.XLOOKUP($B94,'[1]Pivot Gioc'!$B:$B,'[1]Pivot Gioc'!$H:$H,"") -> 0 | I94: =_xlfn.XLOOKUP($B94,'[1]Pivot Gioc'!$B:$B,'[1]Pivot Gioc'!$P:$P,"") -> 0 | J94: =_xlfn.XLOOKUP($B94,'[1]Pivot Gioc'!$B:$B,'[1]Pivot Gioc'!$L:$L,"") -> 0 | K94: =_xlfn.XLOOKUP($B94,'[1]Pivot Gioc'!$B:$B,'[1]Pivot Gioc'!$M:$M,"") -> 0 | L94: =_xlfn.XLOOKUP($B94,'[1]Pivot Gioc'!$B:$B,'[1]Pivot Gioc'!$K:$K,"") -> 0 | M94: =_xlfn.XLOOKUP($B94,'[1]Pivot Gioc'!$B:$B,'[1]Pivot Gioc'!$C:$C,"") -> 6.1666667 | N94: =_xlfn.XLOOKUP($B94,'[1]Pivot Gioc'!$B:$B,'[1]Pivot Gioc'!$D:$D,"") -> 6.5 | O94: =_xlfn.XLOOKUP($B94,'[1]Pivot Gioc'!$B:$B,'[1]Pivot Gioc'!$E:$E,"") -> 195 | P94: =IF(_xlfn.XLOOKUP($B94,'[1]Pivot Gioc'!$B:$B,'[1]Pivot Gioc'!$G:$G,"")=0,"",_xlfn.XLOOKUP($B94,'[1]Pivot Gioc'!$B:$B,'[1]Pivot Gioc'!$G:$G)) | Q94: =_xlfn.XLOOKUP(B94,[1]!Tabella4[nome],[1]!Tabella4[PRES]) -> #REF! | R94: =_xlfn.XLOOKUP(B94,[1]!Tabella4[nome],[1]!Tabella4[LEGA TIT]) -> #REF! | S94: =IF(_xlfn.XLOOKUP($B94,'[1]Pivot Gioc'!$B:$B,'[1]Pivot Gioc'!$S:$S)="0,00","",_xlfn.XLOOKUP($B94,'[1]Pivot Gioc'!$B:$B,'[1]Pivot Gioc'!$S:$S)) -> 6.2916667 | T94: =IF(_xlfn.XLOOKUP($B94,'[1]Pivot Gioc'!$B:$B,'[1]Pivot Gioc'!$T:$T)=0,"",_xlfn.XLOOKUP($B94,'[1]Pivot Gioc'!$B:$B,'[1]Pivot Gioc'!$T:$T)) -> 151
A95: C | B95: Cambiaso | C95: =_xlfn.IFNA(_xlfn.XLOOKUP(B95,'[1]ROSE SQUADRE'!$N:$N,'[1]ROSE SQUADRE'!$O:$O),"") -> ATL IMPROVVISATO | D95: =_xlfn.XLOOKUP($B95,'[1]Pivot Gioc'!$B:$B,'[1]Pivot Gioc'!$Q:$Q,"") -> 3 | E95: =_xlfn.XLOOKUP($B95,'[1]Pivot Gioc'!$B:$B,'[1]Pivot Gioc'!$N:$N,"") -> 4 | F95: =_xlfn.XLOOKUP($B95,'[1]Pivot Gioc'!$B:$B,'[1]Pivot Gioc'!$J:$J,"") -> 0 | G95: =_xlfn.XLOOKUP($B95,'[1]Pivot Gioc'!$B:$B,'[1]Pivot Gioc'!$I:$I,"") -> 0 | H95: =_xlfn.XLOOKUP($B95,'[1]Pivot Gioc'!$B:$B,'[1]Pivot Gioc'!$H:$H,"") -> 0 | I95: =_xlfn.XLOOKUP($B95,'[1]Pivot Gioc'!$B:$B,'[1]Pivot Gioc'!$P:$P,"") -> 0 | J95: =_xlfn.XLOOKUP($B95,'[1]Pivot Gioc'!$B:$B,'[1]Pivot Gioc'!$L:$L,"") -> 3 | K95: =_xlfn.XLOOKUP($B95,'[1]Pivot Gioc'!$B:$B,'[1]Pivot Gioc'!$M:$M,"") -> 0 | L95: =_xlfn.XLOOKUP($B95,'[1]Pivot Gioc'!$B:$B,'[1]Pivot Gioc'!$K:$K,"") -> 2 | M95: =_xlfn.XLOOKUP($B95,'[1]Pivot Gioc'!$B:$B,'[1]Pivot Gioc'!$C:$C,"") -> 5.8428571 | N95: =_xlfn.XLOOKUP($B95,'[1]Pivot Gioc'!$B:$B,'[1]Pivot Gioc'!$D:$D,"") -> 6.1142857 | O95: =_xlfn.XLOOKUP($B95,'[1]Pivot Gioc'!$B:$B,'[1]Pivot Gioc'!$E:$E,"") -> 214 | P95: =IF(_xlfn.XLOOKUP($B95,'[1]Pivot Gioc'!$B:$B,'[1]Pivot Gioc'!$G:$G,"")=0,"",_xlfn.XLOOKUP($B95,'[1]Pivot Gioc'!$B:$B,'[1]Pivot Gioc'!$G:$G)) | Q95: =_xlfn.XLOOKUP(B95,[1]!Tabella4[nome],[1]!Tabella4[PRES]) -> #REF! | R95: =_xlfn.XLOOKUP(B95,[1]!Tabella4[nome],[1]!Tabella4[LEGA TIT]) -> #REF! | S95: =IF(_xlfn.XLOOKUP($B95,'[1]Pivot Gioc'!$B:$B,'[1]Pivot Gioc'!$S:$S)="0,00","",_xlfn.XLOOKUP($B95,'[1]Pivot Gioc'!$B:$B,'[1]Pivot Gioc'!$S:$S)) -> 6.09375 | T95: =IF(_xlfn.XLOOKUP($B95,'[1]Pivot Gioc'!$B:$B,'[1]Pivot Gioc'!$T:$T)=0,"",_xlfn.XLOOKUP($B95,'[1]Pivot Gioc'!$B:$B,'[1]Pivot Gioc'!$T:$T)) -> 195
A96: C | B96: Conceicao | C96: =_xlfn.IFNA(_xlfn.XLOOKUP(B96,'[1]ROSE SQUADRE'!$N:$N,'[1]ROSE SQUADRE'!$O:$O),"") -> ATL IMPROVVISATO | D96: =_xlfn.XLOOKUP($B96,'[1]Pivot Gioc'!$B:$B,'[1]Pivot Gioc'!$Q:$Q,"") -> 3 | E96: =_xlfn.XLOOKUP($B96,'[1]Pivot Gioc'!$B:$B,'[1]Pivot Gioc'!$N:$N,"") -> 5 | F96: =_xlfn.XLOOKUP($B96,'[1]Pivot Gioc'!$B:$B,'[1]Pivot Gioc'!$J:$J,"") -> 0 | G96: =_xlfn.XLOOKUP($B96,'[1]Pivot Gioc'!$B:$B,'[1]Pivot Gioc'!$I:$I,"") -> 0 | H96: =_xlfn.XLOOKUP($B96,'[1]Pivot Gioc'!$B:$B,'[1]Pivot Gioc'!$H:$H,"") -> 0 | I96: =_xlfn.XLOOKUP($B96,'[1]Pivot Gioc'!$B:$B,'[1]Pivot Gioc'!$P:$P,"") -> 0 | J96: =_xlfn.XLOOKUP($B96,'[1]Pivot Gioc'!$B:$B,'[1]Pivot Gioc'!$L:$L,"") -> 3 | K96: =_xlfn.XLOOKUP($B96,'[1]Pivot Gioc'!$B:$B,'[1]Pivot Gioc'!$M:$M,"") -> 0 | L96: =_xlfn.XLOOKUP($B96,'[1]Pivot Gioc'!$B:$B,'[1]Pivot Gioc'!$K:$K,"") -> 0 | M96: =_xlfn.XLOOKUP($B96,'[1]Pivot Gioc'!$B:$B,'[1]Pivot Gioc'!$C:$C,"") -> 6.2857143 | N96: =_xlfn.XLOOKUP($B96,'[1]Pivot Gioc'!$B:$B,'[1]Pivot Gioc'!$D:$D,"") -> 6.7321429 | O96: =_xlfn.XLOOKUP($B96,'[1]Pivot Gioc'!$B:$B,'[1]Pivot Gioc'!$E:$E,"") -> 188.5 | P96: =IF(_xlfn.XLOOKUP($B96,'[1]Pivot Gioc'!$B:$B,'[1]Pivot Gioc'!$G:$G,"")=0,"",_xlfn.XLOOKUP($B96,'[1]Pivot Gioc'!$B:$B,'[1]Pivot Gioc'!$G:$G)) | Q96: =_xlfn.XLOOKUP(B96,[1]!Tabella4[nome],[1]!Tabella4[PRES]) -> #REF! | R96: =_xlfn.XLOOKUP(B96,[1]!Tabella4[nome],[1]!Tabella4[LEGA TIT]) -> #REF! | S96: =IF(_xlfn.XLOOKUP($B96,'[1]Pivot Gioc'!$B:$B,'[1]Pivot Gioc'!$S:$S)="0,00","",_xlfn.XLOOKUP($B96,'[1]Pivot Gioc'!$B:$B,'[1]Pivot Gioc'!$S:$S)) -> 6.6111111 | T96: =IF(_xlfn.XLOOKUP($B96,'[1]Pivot Gioc'!$B:$B,'[1]Pivot Gioc'!$T:$T)=0,"",_xlfn.XLOOKUP($B96,'[1]Pivot Gioc'!$B:$B,'[1]Pivot Gioc'!$T:$T)) -> 178.5
A97: D | B97: Kostic | C97: =_xlfn.IFNA(_xlfn.XLOOKUP(B97,'[1]ROSE SQUADRE'!$N:$N,'[1]ROSE SQUADRE'!$O:$O),"") -> ATL IMPROVVISATO | D97: =_xlfn.XLOOKUP($B97,'[1]Pivot Gioc'!$B:$B,'[1]Pivot Gioc'!$Q:$Q,"") -> 3 | E97: =_xlfn.XLOOKUP($B97,'[1]Pivot Gioc'!$B:$B,'[1]Pivot Gioc'!$N:$N,"") -> 0 | F97: =_xlfn.XLOOKUP($B97,'[1]Pivot Gioc'!$B:$B,'[1]Pivot Gioc'!$J:$J,"") -> 0 | G97: =_xlfn.XLOOKUP($B97,'[1]Pivot Gioc'!$B:$B,'[1]Pivot Gioc'!$I:$I,"") -> 0 | H97: =_xlfn.XLOOKUP($B97,'[1]Pivot Gioc'!$B:$B,'[1]Pivot Gioc'!$H:$H,"") -> 0 | I97: =_xlfn.XLOOKUP($B97,'[1]Pivot Gioc'!$B:$B,'[1]Pivot Gioc'!$P:$P,"") -> 0 | J97: =_xlfn.XLOOKUP($B97,'[1]Pivot Gioc'!$B:$B,'[1]Pivot Gioc'!$L:$L,"") -> 1 | K97: =_xlfn.XLOOKUP($B97,'[1]Pivot Gioc'!$B:$B,'[1]Pivot Gioc'!$M:$M,"") -> 0 | L97: =_xlfn.XLOOKUP($B97,'[1]Pivot Gioc'!$B:$B,'[1]Pivot Gioc'!$K:$K,"") -> 0 | M97: =_xlfn.XLOOKUP($B97,'[1]Pivot Gioc'!$B:$B,'[1]Pivot Gioc'!$C:$C,"") -> 6.15 | N97: =_xlfn.XLOOKUP($B97,'[1]Pivot Gioc'!$B:$B,'[1]Pivot Gioc'!$D:$D,"") -> 7 | O97: =_xlfn.XLOOKUP($B97,'[1]Pivot Gioc'!$B:$B,'[1]Pivot Gioc'!$E:$E,"") -> 70 | P97: =IF(_xlfn.XLOOKUP($B97,'[1]Pivot Gioc'!$B:$B,'[1]Pivot Gioc'!$G:$G,"")=0,"",_xlfn.XLOOKUP($B97,'[1]Pivot Gioc'!$B:$B,'[1]Pivot Gioc'!$G:$G)) | Q97: =_xlfn.XLOOKUP(B97,[1]!Tabella4[nome],[1]!Tabella4[PRES]) -> #REF! | R97: =_xlfn.XLOOKUP(B97,[1]!Tabella4[nome],[1]!Tabella4[LEGA TIT]) -> #REF! | S97: =IF(_xlfn.XLOOKUP($B97,'[1]Pivot Gioc'!$B:$B,'[1]Pivot Gioc'!$S:$S)="0,00","",_xlfn.XLOOKUP($B97,'[1]Pivot Gioc'!$B:$B,'[1]Pivot Gioc'!$S:$S)) | T97: =IF(_xlfn.XLOOKUP($B97,'[1]Pivot Gioc'!$B:$B,'[1]Pivot Gioc'!$T:$T)=0,"",_xlfn.XLOOKUP($B97,'[1]Pivot Gioc'!$B:$B,'[1]Pivot Gioc'!$T:$T))
B98: Spinazzola | C98: =_xlfn.IFNA(_xlfn.XLOOKUP(B98,'[1]ROSE SQUADRE'!$N:$N,'[1]ROSE SQUADRE'!$O:$O),"") -> ATL IMPROVVISATO | D98: =_xlfn.XLOOKUP($B98,'[1]Pivot Gioc'!$B:$B,'[1]Pivot Gioc'!$Q:$Q,"") -> 3 | E98: =_xlfn.XLOOKUP($B98,'[1]Pivot Gioc'!$B:$B,'[1]Pivot Gioc'!$N:$N,"") -> 3 | F98: =_xlfn.XLOOKUP($B98,'[1]Pivot Gioc'!$B:$B,'[1]Pivot Gioc'!$J:$J,"") -> 0 | G98: =_xlfn.XLOOKUP($B98,'[1]Pivot Gioc'!$B:$B,'[1]Pivot Gioc'!$I:$I,"") -> 0 | H98: =_xlfn.XLOOKUP($B98,'[1]Pivot Gioc'!$B:$B,'[1]Pivot Gioc'!$H:$H,"") -> 0 | I98: =_xlfn.XLOOKUP($B98,'[1]Pivot Gioc'!$B:$B,'[1]Pivot Gioc'!$P:$P,"") -> 0 | J98: =_xlfn.XLOOKUP($B98,'[1]Pivot Gioc'!$B:$B,'[1]Pivot Gioc'!$L:$L,"") -> 1 | K98: =_xlfn.XLOOKUP($B98,'[1]Pivot Gioc'!$B:$B,'[1]Pivot Gioc'!$M:$M,"") -> 0 | L98: =_xlfn.XLOOKUP($B98,'[1]Pivot Gioc'!$B:$B,'[1]Pivot Gioc'!$K:$K,"") -> 0 | M98: =_xlfn.XLOOKUP($B98,'[1]Pivot Gioc'!$B:$B,'[1]Pivot Gioc'!$C:$C,"") -> 6.1724138 | N98: =_xlfn.XLOOKUP($B98,'[1]Pivot Gioc'!$B:$B,'[1]Pivot Gioc'!$D:$D,"") -> 6.6034483 | O98: =_xlfn.XLOOKUP($B98,'[1]Pivot Gioc'!$B:$B,'[1]Pivot Gioc'!$E:$E,"") -> 191.5 | P98: =IF(_xlfn.XLOOKUP($B98,'[1]Pivot Gioc'!$B:$B,'[1]Pivot Gioc'!$G:$G,"")=0,"",_xlfn.XLOOKUP($B98,'[1]Pivot Gioc'!$B:$B,'[1]Pivot Gioc'!$G:$G)) | Q98: =_xlfn.XLOOKUP(B98,[1]!Tabella4[nome],[1]!Tabella4[PRES]) -> #REF! | R98: =_xlfn.XLOOKUP(B98,[1]!Tabella4[nome],[1]!Tabella4[LEGA TIT]) -> #REF! | S98: =IF(_xlfn.XLOOKUP($B98,'[1]Pivot Gioc'!$B:$B,'[1]Pivot Gioc'!$S:$S)="0,00","",_xlfn.XLOOKUP($B98,'[1]Pivot Gioc'!$B:$B,'[1]Pivot Gioc'!$S:$S)) -> 6.1666667 | T98: =IF(_xlfn.XLOOKUP($B98,'[1]Pivot Gioc'!$B:$B,'[1]Pivot Gioc'!$T:$T)=0,"",_xlfn.XLOOKUP($B98,'[1]Pivot Gioc'!$B:$B,'[1]Pivot Gioc'!$T:$T)) -> 74
B99: Zapata D. | C99: =_xlfn.IFNA(_xlfn.XLOOKUP(B99,'[1]ROSE SQUADRE'!$N:$N,'[1]ROSE SQUADRE'!$O:$O),"") -> ATL IMPROVVISATO | D99: =_xlfn.XLOOKUP($B99,'[1]Pivot Gioc'!$B:$B,'[1]Pivot Gioc'!$Q:$Q,"") -> 3 | E99: =_xlfn.XLOOKUP($B99,'[1]Pivot Gioc'!$B:$B,'[1]Pivot Gioc'!$N:$N,"") -> 1 | F99: =_xlfn.XLOOKUP($B99,'[1]Pivot Gioc'!$B:$B,'[1]Pivot Gioc'!$J:$J,"") -> 0 | G99: =_xlfn.XLOOKUP($B99,'[1]Pivot Gioc'!$B:$B,'[1]Pivot Gioc'!$I:$I,"") -> 1 | H99: =_xlfn.XLOOKUP($B99,'[1]Pivot Gioc'!$B:$B,'[1]Pivot Gioc'!$H:$H,"") -> 0 | I99: =_xlfn.XLOOKUP($B99,'[1]Pivot Gioc'!$B:$B,'[1]Pivot Gioc'!$P:$P,"") -> 0 | J99: =_xlfn.XLOOKUP($B99,'[1]Pivot Gioc'!$B:$B,'[1]Pivot Gioc'!$L:$L,"") -> 0 | K99: =_xlfn.XLOOKUP($B99,'[1]Pivot Gioc'!$B:$B,'[1]Pivot Gioc'!$M:$M,"") -> 0 | L99: =_xlfn.XLOOKUP($B99,'[1]Pivot Gioc'!$B:$B,'[1]Pivot Gioc'!$K:$K,"") -> 0 | M99: =_xlfn.XLOOKUP($B99,'[1]Pivot Gioc'!$B:$B,'[1]Pivot Gioc'!$C:$C,"") -> 5.826087 | N99: =_xlfn.XLOOKUP($B99,'[1]Pivot Gioc'!$B:$B,'[1]Pivot Gioc'!$D:$D,"") -> 6.1304348 | O99: =_xlfn.XLOOKUP($B99,'[1]Pivot Gioc'!$B:$B,'[1]Pivot Gioc'!$E:$E,"") -> 141 | P99: =IF(_xlfn.XLOOKUP($B99,'[1]Pivot Gioc'!$B:$B,'[1]Pivot Gioc'!$G:$G,"")=0,"",_xlfn.XLOOKUP($B99,'[1]Pivot Gioc'!$B:$B,'[1]Pivot Gioc'!$G:$G)) | Q99: =_xlfn.XLOOKUP(B99,[1]!Tabella4[nome],[1]!Tabella4[PRES]) -> #REF! | R99: =_xlfn.XLOOKUP(B99,[1]!Tabella4[nome],[1]!Tabella4[LEGA TIT]) -> #REF! | S99: =IF(_xlfn.XLOOKUP($B99,'[1]Pivot Gioc'!$B:$B,'[1]Pivot Gioc'!$S:$S)="0,00","",_xlfn.XLOOKUP($B99,'[1]Pivot Gioc'!$B:$B,'[1]Pivot Gioc'!$S:$S)) -> 7.1428571 | T99: =IF(_xlfn.XLOOKUP($B99,'[1]Pivot Gioc'!$B:$B,'[1]Pivot Gioc'!$T:$T)=0,"",_xlfn.XLOOKUP($B99,'[1]Pivot Gioc'!$B:$B,'[1]Pivot Gioc'!$T:$T)) -> 50
A100: D | B100: Gosens | C100: =_xlfn.IFNA(_xlfn.XLOOKUP(B100,'[1]ROSE SQUADRE'!$N:$N,'[1]ROSE SQUADRE'!$O:$O),"") -> HERTHA VERNELLO | D100: =_xlfn.XLOOKUP($B100,'[1]Pivot Gioc'!$B:$B,'[1]Pivot Gioc'!$Q:$Q,"") -> 3 | E100: =_xlfn.XLOOKUP($B100,'[1]Pivot Gioc'!$B:$B,'[1]Pivot Gioc'!$N:$N,"") -> 1 | F100: =_xlfn.XLOOKUP($B100,'[1]Pivot Gioc'!$B:$B,'[1]Pivot Gioc'!$J:$J,"") -> 0 | G100: =_xlfn.XLOOKUP($B100,'[1]Pivot Gioc'!$B:$B,'[1]Pivot Gioc'!$I:$I,"") -> 0 | H100: =_xlfn.XLOOKUP($B100,'[1]Pivot Gioc'!$B:$B,'[1]Pivot Gioc'!$H:$H,"") -> 0 | I100: =_xlfn.XLOOKUP($B100,'[1]Pivot Gioc'!$B:$B,'[1]Pivot Gioc'!$P:$P,"") -> 0 | J100: =_xlfn.XLOOKUP($B100,'[1]Pivot Gioc'!$B:$B,'[1]Pivot Gioc'!$L:$L,"") -> 2 | K100: =_xlfn.XLOOKUP($B100,'[1]Pivot Gioc'!$B:$B,'[1]Pivot Gioc'!$M:$M,"") -> 0 | L100: =_xlfn.XLOOKUP($B100,'[1]Pivot Gioc'!$B:$B,'[1]Pivot Gioc'!$K:$K,"") -> 0 | M100: =_xlfn.XLOOKUP($B100,'[1]Pivot Gioc'!$B:$B,'[1]Pivot Gioc'!$C:$C,"") -> 5.8913043 | N100: =_xlfn.XLOOKUP($B100,'[1]Pivot Gioc'!$B:$B,'[1]Pivot Gioc'!$D:$D,"") -> 6.326087 | O100: =_xlfn.XLOOKUP($B100,'[1]Pivot Gioc'!$B:$B,'[1]Pivot Gioc'!$E:$E,"") -> 145.5 | P100: =IF(_xlfn.XLOOKUP($B100,'[1]Pivot Gioc'!$B:$B,'[1]Pivot Gioc'!$G:$G,"")=0,"",_xlfn.XLOOKUP($B100,'[1]Pivot Gioc'!$B:$B,'[1]Pivot Gioc'!$G:$G)) | Q100: =_xlfn.XLOOKUP(B100,[1]!Tabella4[nome],[1]!Tabella4[PRES]) -> #REF! | R100: =_xlfn.XLOOKUP(B100,[1]!Tabella4[nome],[1]!Tabella4[LEGA TIT]) -> #REF! | S100: =IF(_xlfn.XLOOKUP($B100,'[1]Pivot Gioc'!$B:$B,'[1]Pivot Gioc'!$S:$S)="0,00","",_xlfn.XLOOKUP($B100,'[1]Pivot Gioc'!$B:$B,'[1]Pivot Gioc'!$S:$S)) -> 6.4285714 | T100: =IF(_xlfn.XLOOKUP($B100,'[1]Pivot Gioc'!$B:$B,'[1]Pivot Gioc'!$T:$T)=0,"",_xlfn.XLOOKUP($B100,'[1]Pivot Gioc'!$B:$B,'[1]Pivot Gioc'!$T:$T)) -> 135
...

Sheet SQUADRE
B1: 3
AA2: 1 | AB2: 1 | AC2: 1 | AD2: 0 | AE2: 1 | AF2: 1 | AG2: 1 | AH2: 1 | AI2: 0 | AJ2: 2 | AK2: 2 | AL2: 2 | AM2: 2 | AN2: 2 | AO2: 1 | AP2: 1 | AQ2: 1 | AR2: 0 | AS2: 1 | AT2: 1 | AU2: 0 | AV2: 0 | AW2: 0 | AX2: 0 | AY2: 0 | AZ2: 0 | BA2: 0 | BB2: 0 | BC2: 0 | BD2: 0 | BE2: 0 | BF2: 0 | BG2: 0 | BH2: 0
A3: GG | B3: sq | C3: PT | D3: BONUS | E3: FANTA PT | F3: MOD DIF | G3: PT TOT | H3: PT best | I3: BONUS BEST | J3: fanta PT BEST | K3: mod difesa best | L3: MEDIA VOTO TIT | M3: MEDIA FVOTO TIT | N3: FVOTO TOT | O3: MEDIA VOTO BEST | P3: MEDIA FVOTO BEST | Q3: delta pt | R3: delta bonus | S3: delta fanta pt | T3: delta difesa bonus | U3: delta best mod difesa | Z3: sq | AA3: PT | AB3: BONUS | AC3: FANTA PT | AD3: MOD DIF | AE3: PT TOT | AF3: PT BEST | AG3: BONUS BEST | AH3: FANTAPT BEST | AI3: mod difesa best | AJ3: MEDIA VOTO TIT | AK3: MEDIA FVOTO TIT | AL3: FVOTO TOT | AM3: MEDIA VOTO BEST | AN3: MEDIA FVOTO BEST | AO3: delta pt | AP3: delta bonus | AQ3: delta fanta pt | AR3: delta mod difesa best | AS3: pt best gg | AT3: pt last gg | AU3: GOL FATTI | AV3: GOL SUBITI | AW3: ASSIST FATTI | AX3: AMM | AY3: ESP | AZ3: RIG OK | BA3: RIG KO | BB3: GOL DIFESA | BC3: GOL CC | BD3: GOL ATT | BE3: CLN SHEET | BF3: f1 | BG3: royal battle | BH3: crescita rosa | BI3: #VALUE! | BJ3: #VALUE! | BK3: #VALUE! | BL3: #VALUE! | BM3: #VALUE! | BN3: #VALUE! | BO3: #VALUE! | BP3: #VALUE!
A4: 3 | B4: APPAREGGIATO | C4: =SUMIFS('[1]INSER DATA'!$F:$F,'[1]INSER DATA'!$B:$B,A4,'[1]INSER DATA'!$R:$R,B4,'[1]INSER DATA'!$T:$T,1) -> 66.5 | D4: 5.5 | E4: =SUM(C4:D4) -> 72 | F4: 0 | G4: =SUM(E4:F4) -> 72 | H4: =SUMIFS('[1]INSER DATA'!$F:$F,'[1]INSER DATA'!$B:$B,A4,'[1]INSER DATA'!$R:$R,B4,'[1]INSER DATA'!$W:$W,1) -> 70 | I4: =J4-H4 -> 10.5 | J4: =SUMIFS('[1]INSER DATA'!$X:$X,'[1]INSER DATA'!$B:$B,A4,'[1]INSER DATA'!$R:$R,B4,'[1]INSER DATA'!$W:$W,1) -> 80.5 | L4: =SUM(C4/11) -> 6.0454545 | M4: =SUM(E4/11) -> 6.5454545 | N4: =SUM(G4/11) -> 6.5454545 | O4: =SUM(H4/11) -> 6.3636364 | P4: =SUM(J4/11) -> 7.3181818 | Q4: =SUM(C4-H4) -> -3.5 | R4: =SUM(D4-I4) -> -5 | S4: =SUM(E4-J4) -> -8.5 | Z4: APPAREGGIATO | AA4: =SUMIFS(C:C,$B:$B,$Z4) -> 2390.5 | AB4: =SUMIFS(D:D,$B:$B,$Z4) -> 160.5 | AC4: =SUMIFS(E:E,$B:$B,$Z4) -> 2551 | AD4: =SUMIFS(F:F,$B:$B,$Z4) -> 50 | AE4: =SUMIFS(G:G,$B:$B,$Z4) -> 2601 | AF4: =SUMIFS(H:H,$B:$B,$Z4) -> 2483.5 | AG4: =SUMIFS(I:I,$B:$B,$Z4) -> 276 | AH4: =SUMIFS(J:J,$B:$B,$Z4) -> 2754 | AJ4: =AVERAGEIFS(L:L,$B:$B,$Z4) -> 6.0366162 | AK4: =AVERAGEIFS(M:M,$B:$B,$Z4) -> 6.4419192 | AL4: =AVERAGEIFS(N:N,$B:$B,$Z4) -> 6.5681818 | AM4: =AVERAGEIFS(O:O,$B:$B,$Z4) -> 6.2714646 | AN4: =AVERAGEIFS(P:P,$B:$B,$Z4) -> 6.9545455 | AO4: =SUMIFS(Q:Q,$B:$B,$Z4) -> -93 | AP4: =SUMIFS(R:R,$B:$B,$Z4) -> -115.5 | AQ4: =SUMIFS(S:S,$B:$B,$Z4) -> -203 | AR4: 0 | AS4: =_xlfn.MAXIFS(G:G,B:B,Z4) -> 104 | AT4: =_xlfn.MINIFS(G:G,B:B,Z4) -> 58.5 | AU4: =_xlfn.XLOOKUP(Z4,'[1]Base dati fantasquadre'!$AD$14:$AD$21,'[1]Base dati fantasquadre'!$AK$14:$AK$21) -> 56 | AV4: =_xlfn.XLOOKUP($Z4,'[1]Base dati fantasquadre'!$AD$14:$AD$21,'[1]Base dati fantasquadre'!$AL$14:$AL$21) -> 62 | AW4: =_xlfn.XLOOKUP($Z4,'[1]Base dati fantasquadre'!$AD$14:$AD$21,'[1]Base dati fantasquadre'!$AO$14:$AO$21) -> 22 | AX4: =_xlfn.XLOOKUP($Z4,'[1]Base dati fantasquadre'!$AD$14:$AD$21,'[1]Base dati fantasquadre'!$AQ$14:$AQ$21) -> 49 | AY4: =_xlfn.XLOOKUP($Z4,'[1]Base dati fantasquadre'!$AD$14:$AD$21,'[1]Base dati fantasquadre'!$AS$14:$AS$21) -> 5 | AZ4: =SUMIFS([1]!Tabella1[Rf],[1]!Tabella1[Fanta SQ],$Z4,[1]!Tabella1[N° FantaTit],1) -> 10 | BA4: =_xlfn.XLOOKUP($Z4,'[1]Base dati fantasquadre'!$AD$14:$AD$21,'[1]Base dati fantasquadre'!$AW$14:$AW$21) -> 2 | BB4: =SUMIFS([1]!Tabella1[[Gol ]],[1]!Tabella1[Fanta SQ],$Z4,[1]!Tabella1[N° FantaTit],1,[1]!Tabella1[Ruolo],"d") -> 7 | BC4: =SUMIFS([1]!Tabella1[[Gol ]],[1]!Tabella1[Fanta SQ],$Z4,[1]!Tabella1[N° FantaTit],1,[1]!Tabella1[Ruolo],"c") -> 18 | BD4: =SUMIFS([1]!Tabella1[[Gol ]],[1]!Tabella1[Fanta SQ],$Z4,[1]!Tabella1[N° FantaTit],1,[1]!Tabella1[Ruolo],"a") -> 32 | BE4: =SUMIFS([1]!Tabella1[cl sh],[1]!Tabella1[Fanta SQ],$Z4,[1]!Tabella1[N° FantaTit],1) -> 16 | BF4: =_xlfn.XLOOKUP($Z4,[1]Foglio1!$Q$4:$Q$11,[1]Foglio1!$R$4:$R$11) -> 170 | BG4: =_xlfn.XLOOKUP($Z4,[1]Foglio1!$Q$14:$Q$21,[1]Foglio1!$R$14:$R$21) -> 337 | BH4: =SUMIF(BU:BU,Z4,BS:BS) -> -4 | BI4: APPAREGGIATO | BJ4: AC ASPARAGHESE | BK4: PESCICULINI FC | BL4: HERTHA VERNELLO | BM4: PARTIZAN DEGRADO | BN4: ATL IMPROVVISATO | BO4: SAN GRIA | BP4: SESTO ASENSIO | BS4: =_xlfn.XLOOKUP(BT4,[1]!Tabella4[nome],[1]!Tabella4[DIFF QUOT]) -> 2 | BT4: Maignan | BU4: APPAREGGIATO
A5: 3 | B5: AC ASPARAGHESE | C5: =SUMIFS('[1]INSER DATA'!$F:$F,'[1]INSER DATA'!$B:$B,A5,'[1]INSER DATA'!$R:$R,B5,'[1]INSER DATA'!$T:$T,1) -> 67.5 | D5: 2 | E5: =SUM(C5:D5) -> 69.5 | F5: 1 | G5: =SUM(E5:F5) -> 70.5 | H5: =SUMIFS('[1]INSER DATA'!$F:$F,'[1]INSER DATA'!$B:$B,A5,'[1]INSER DATA'!$R:$R,B5,'[1]INSER DATA'!$W:$W,1) -> 68.5 | I5: =J5-H5 -> 6 | J5: =SUMIFS('[1]INSER DATA'!$X:$X,'[1]INSER DATA'!$B:$B,A5,'[1]INSER DATA'!$R:$R,B5,'[1]INSER DATA'!$W:$W,1) -> 74.5 | L5: =SUM(C5/11) -> 6.1363636 | M5: =SUM(E5/11) -> 6.3181818 | N5: =SUM(G5/11) -> 6.4090909 | O5: =SUM(H5/11) -> 6.2272727 | P5: =SUM(J5/11) -> 6.7727273 | Q5: =SUM(C5-H5) -> -1 | R5: =SUM(D5-I5) -> -4 | S5: =SUM(E5-J5) -> -5 | Z5: AC ASPARAGHESE | AA5: =SUMIFS(C:C,$B:$B,$Z5) -> 2422 | AB5: =SUMIFS(D:D,$B:$B,$Z5) -> 181 | AC5: =SUMIFS(E:E,$B:$B,$Z5) -> 2603 | AD5: =SUMIFS(F:F,$B:$B,$Z5) -> 28 | AE5: =SUMIFS(G:G,$B:$B,$Z5) -> 2631 | AF5: =SUMIFS(H:H,$B:$B,$Z5) -> 2527.5 | AG5: =SUMIFS(I:I,$B:$B,$Z5) -> 281.5 | AH5: =SUMIFS(J:J,$B:$B,$Z5) -> 2809.5 | AJ5: =AVERAGEIFS(L:L,$B:$B,$Z5) -> 6.1161616 | AK5: =AVERAGEIFS(M:M,$B:$B,$Z5) -> 6.5732323 | AL5: =AVERAGEIFS(N:N,$B:$B,$Z5) -> 6.6439394 | AM5: =AVERAGEIFS(O:O,$B:$B,$Z5) -> 6.3825758 | AN5: =AVERAGEIFS(P:P,$B:$B,$Z5) -> 7.094697 | AO5: =SUMIFS(Q:Q,$B:$B,$Z5) -> -105.5 | AP5: =SUMIFS(R:R,$B:$B,$Z5) -> -100.5 | AQ5: =SUMIFS(S:S,$B:$B,$Z5) -> -206.5 | AR5: 0 | AS5: =_xlfn.MAXIFS(G:G,B:B,Z5) -> 88 | AT5: =_xlfn.MINIFS(G:G,B:B,Z5) -> 61.5 | AU5: =_xlfn.XLOOKUP(Z5,'[1]Base dati fantasquadre'!$AD$14:$AD$21,'[1]Base dati fantasquadre'!$AK$14:$AK$21) -> 60 | AV5: =_xlfn.XLOOKUP(Z5,'[1]Base dati fantasquadre'!$AD$14:$AD$21,'[1]Base dati fantasquadre'!$AL$14:$AL$21) -> 48 | AW5: =_xlfn.XLOOKUP($Z5,'[1]Base dati fantasquadre'!$AD$14:$AD$21,'[1]Base dati fantasquadre'!$AO$14:$AO$21) -> 27 | AX5: =_xlfn.XLOOKUP($Z5,'[1]Base dati fantasquadre'!$AD$14:$AD$21,'[1]Base dati fantasquadre'!$AQ$14:$AQ$21) -> 46 | AY5: =_xlfn.XLOOKUP($Z5,'[1]Base dati fantasquadre'!$AD$14:$AD$21,'[1]Base dati fantasquadre'!$AS$14:$AS$21) -> 1 | AZ5: =SUMIFS([1]!Tabella1[Rf],[1]!Tabella1[Fanta SQ],$Z5,[1]!Tabella1[N° FantaTit],1) -> 3 | BA5: =_xlfn.XLOOKUP($Z5,'[1]Base dati fantasquadre'!$AD$14:$AD$21,'[1]Base dati fantasquadre'!$AW$14:$AW$21) -> 3 | BB5: =SUMIFS([1]!Tabella1[[Gol ]],[1]!Tabella1[Fanta SQ],$Z5,[1]!Tabella1[N° FantaTit],1,[1]!Tabella1[Ruolo],"d") -> 9 | BC5: =SUMIFS([1]!Tabella1[[Gol ]],[1]!Tabella1[Fanta SQ],$Z5,[1]!Tabella1[N° FantaTit],1,[1]!Tabella1[Ruolo],"c") -> 20 | BD5: =SUMIFS([1]!Tabella1[[Gol ]],[1]!Tabella1[Fanta SQ],$Z5,[1]!Tabella1[N° FantaTit],1,[1]!Tabella1[Ruolo],"a") -> 31 | BE5: =SUMIFS([1]!Tabella1[cl sh],[1]!Tabella1[Fanta SQ],$Z5,[1]!Tabella1[N° FantaTit],1) -> 14 | BF5: =_xlfn.XLOOKUP($Z5,[1]Foglio1!$Q$4:$Q$11,[1]Foglio1!$R$4:$R$11) -> 174 | BG5: =_xlfn.XLOOKUP($Z5,[1]Foglio1!$Q$14:$Q$21,[1]Foglio1!$R$14:$R$21) -> 378 | BH5: =SUMIF(BU:BU,Z5,BS:BS) -> 0 | BS5: =_xlfn.XLOOKUP(BT5,[1]!Tabella4[nome],[1]!Tabella4[DIFF QUOT]) -> 0 | BT5: Terracciano | BU5: APPAREGGIATO
